Date,Open,High,Low,Close,Pre Close,Change,Pct Change,Volume,Amount,Adj Open,Adj Close
2018-10-19,2.15,2.58,2.15,2.58,1.79,0.79,44.1341,20156.67,5184.038,2.15,2.58
2018-10-22,2.84,2.84,2.84,2.84,2.58,0.26,10.0775,5803.58,1648.217,2.84,2.84
2018-10-23,3.12,3.12,3.12,3.12,2.84,0.28,9.8592,19997.68,6239.276,3.12,3.12
2018-10-24,3.43,3.43,3.43,3.43,3.12,0.31,9.9359,16387.58,5620.94,3.43,3.43
2018-10-25,3.77,3.77,3.77,3.77,3.43,0.34,9.9125,40759.15,15366.2,3.77,3.77
2018-10-26,4.15,4.15,4.15,4.15,3.77,0.38,10.0796,15489.2,6428.018,4.15,4.15
2018-10-29,4.57,4.57,4.57,4.57,4.15,0.42,10.1205,22371.97,10223.99,4.57,4.57
2018-10-30,5.03,5.03,5.03,5.03,4.57,0.46,10.0656,123328.52,62034.246,5.03,5.03
2018-10-31,5.53,5.53,5.53,5.53,5.03,0.5,9.9404,47630.56,26339.7,5.53,5.53
2018-11-01,6.08,6.08,6.08,6.08,5.53,0.55,9.9458,23945.08,14558.609,6.08,6.08
2018-11-02,6.69,6.69,6.69,6.69,6.08,0.61,10.0329,37155.84,24857.257,6.69,6.69
2018-11-05,7.36,7.36,7.36,7.36,6.69,0.67,10.0149,45865.06,33756.684,7.36,7.36
2018-11-06,8.1,8.1,7.6,7.67,7.36,0.31,4.212,3812280.57,2988130.164,8.1,7.67
2018-11-07,7.31,7.56,7.01,7.36,7.67,-0.31,-4.0417,2328514.45,1696514.211,7.31,7.36
2018-11-08,7.4,7.44,6.7,6.8,7.36,-0.56,-7.6087,2388084.94,1676938.054,7.4,6.8
2018-11-09,6.65,6.88,6.54,6.63,6.8,-0.17,-2.5,1399037.11,936963.702,6.65,6.63
2018-11-12,6.57,7.09,6.46,6.93,6.63,0.3,4.5249,1879384.79,1270041.53,6.57,6.93
2018-11-13,6.79,7.5,6.74,7.06,6.93,0.13,1.8759,2372927.9,1668199.228,6.79,7.06
2018-11-14,6.91,7.09,6.71,6.76,7.06,-0.3,-4.2493,1525311.67,1051580.594,6.91,6.76
2018-11-15,6.66,7.14,6.62,7.02,6.76,0.26,3.8462,1661290.9,1153075.898,6.66,7.02
2018-11-16,6.98,7.36,6.84,7.05,7.02,0.03,0.4274,2017385.95,1432363.444,6.98,7.05
2018-11-19,6.95,7.76,6.92,7.76,7.05,0.71,10.0709,1715305.29,1259026.279,6.95,7.76
2018-11-20,8.06,8.54,7.8,7.94,7.76,0.18,2.3196,2630291.77,2155687.291,8.06,7.94
2018-11-21,8.1,8.41,7.62,8.15,7.94,0.21,2.6448,2826167.91,2291316.998,8.1,8.15
2018-11-22,8.02,8.15,7.44,7.5,8.15,-0.65,-7.9755,2002577.95,1543384.112,8.02,7.5
2018-11-23,7.39,7.54,6.87,6.93,7.5,-0.57,-7.6,1513711.73,1084744.892,7.39,6.93
2018-11-26,6.93,7.01,6.73,6.91,6.93,-0.02,-0.2886,899680.16,617622.647,6.93,6.91
2018-11-27,6.97,6.98,6.69,6.79,6.91,-0.12,-1.7366,808744.71,552164.952,6.97,6.79
2018-11-28,6.77,7.1,6.68,6.9,6.79,0.11,1.62,1301650.99,901624.956,6.77,6.9
2018-11-29,6.93,6.95,6.21,6.21,6.9,-0.69,-10.0,1435819.27,946006.401,6.93,6.21
2018-11-30,6.05,6.23,5.75,6.13,6.21,-0.08,-1.2882,1369911.23,818458.31,6.05,6.13
2018-12-03,6.43,6.44,6.18,6.23,6.13,0.1,1.6313,1143498.84,720716.531,6.43,6.23
2018-12-04,6.16,6.5,6.11,6.48,6.23,0.25,4.0128,1047729.97,657860.562,6.16,6.48
2018-12-05,6.27,6.39,6.22,6.25,6.48,-0.23,-3.5494,756113.32,476184.007,6.27,6.25
2018-12-06,6.14,6.37,6.12,6.21,6.25,-0.04,-0.64,702770.3,439624.68,6.14,6.21
2018-12-07,6.23,6.35,6.18,6.23,6.21,0.02,0.3221,517614.19,323442.175,6.23,6.23
2018-12-10,6.1,6.17,5.96,6.01,6.23,-0.22,-3.5313,551500.54,332990.771,6.1,6.01
2018-12-11,6.05,6.07,5.96,6.02,6.01,0.01,0.1664,365851.89,219680.06,6.05,6.02
2018-12-12,6.04,6.19,6.01,6.07,6.02,0.05,0.8306,528256.58,323103.902,6.04,6.07
2018-12-13,6.08,6.29,5.92,6.18,6.07,0.11,1.8122,870681.58,534689.17,6.08,6.18
2018-12-14,6.14,6.16,5.89,5.94,6.18,-0.24,-3.8835,604625.48,364705.855,6.14,5.94
2018-12-17,5.88,6.04,5.88,5.98,5.94,0.04,0.6734,317324.96,189592.189,5.88,5.98
2018-12-18,5.97,6.03,5.79,5.89,5.98,-0.09,-1.505,406821.48,239912.741,5.97,5.89
2018-12-19,5.9,5.95,5.83,5.85,5.89,-0.04,-0.6791,290066.51,170564.075,5.9,5.85
2018-12-20,5.8,6.44,5.79,6.2,5.85,0.35,5.9829,1138851.92,702301.559,5.8,6.2
2018-12-21,6.11,6.42,6.1,6.4,6.2,0.2,3.2258,1452036.56,916345.162,6.11,6.4
2018-12-24,6.35,6.43,6.15,6.23,6.4,-0.17,-2.6563,989119.89,621106.706,6.35,6.23
2018-12-25,6.1,6.49,5.95,6.46,6.23,0.23,3.6918,1369520.03,854955.723,6.1,6.46
2018-12-26,6.36,6.44,6.25,6.33,6.46,-0.13,-2.0124,933519.94,591501.944,6.36,6.33
2018-12-27,6.5,6.56,6.13,6.15,6.33,-0.18,-2.8436,979144.44,620878.49,6.5,6.15
2018-12-28,6.16,6.47,6.1,6.23,6.15,0.08,1.3008,896659.35,564347.987,6.16,6.23
2019-01-02,6.24,6.29,5.92,6.1,6.23,-0.13,-2.0867,754751.46,460374.948,6.24,6.1
2019-01-03,6.11,6.45,6.07,6.19,6.1,0.09,1.4754,1093802.87,687396.622,6.11,6.19
2019-01-04,6.04,6.81,6.04,6.81,6.19,0.62,10.0162,1269344.71,826544.412,6.04,6.81
2019-01-07,7.36,7.49,7.07,7.3,6.81,0.49,7.1953,2954557.85,2169865.594,7.36,7.3
2019-01-08,7.15,7.38,6.95,7.21,7.3,-0.09,-1.2329,1971089.32,1410953.689,7.15,7.21
2019-01-09,7.11,7.79,7.02,7.41,7.21,0.2,2.7739,2135247.09,1559800.581,7.11,7.41
2019-01-10,7.3,7.57,7.13,7.2,7.41,-0.21,-2.834,1632175.56,1201458.015,7.3,7.2
2019-01-11,7.1,7.48,7.07,7.33,7.2,0.13,1.8056,1385932.94,1007985.095,7.1,7.33
2019-01-14,7.55,7.72,7.18,7.22,7.33,-0.11,-1.5007,1311005.37,971905.885,7.55,7.22
2019-01-15,7.15,7.94,7.11,7.76,7.22,0.54,7.4792,2350116.66,1788469.459,7.15,7.76
2019-01-16,7.59,7.67,7.44,7.53,7.76,-0.23,-2.9639,1318780.99,993971.149,7.59,7.53
2019-01-17,7.53,7.59,7.26,7.35,7.53,-0.18,-2.3904,1091141.07,810990.334,7.53,7.35
2019-01-18,7.36,7.4,7.08,7.21,7.35,-0.14,-1.9048,953501.17,691620.352,7.36,7.21
2019-01-21,7.19,7.34,7.13,7.28,7.21,0.07,0.9709,598463.82,432229.043,7.19,7.28
2019-01-22,7.22,7.57,7.11,7.32,7.28,0.04,0.5495,1010023.35,741886.723,7.22,7.32
2019-01-23,7.28,7.39,7.15,7.3,7.32,-0.02,-0.2732,613535.66,445734.372,7.28,7.3
2019-01-24,7.43,8.03,7.36,7.68,7.3,0.38,5.2055,2507524.07,1949817.091,7.43,7.68
2019-01-25,7.57,7.62,7.26,7.28,7.68,-0.4,-5.2083,1644508.02,1224219.2,7.57,7.28
2019-01-28,7.42,7.54,7.15,7.32,7.28,0.04,0.5495,1149835.82,845571.458,7.42,7.32
2019-01-29,7.2,7.29,6.83,7.13,7.32,-0.19,-2.5956,864399.44,614038.93,7.2,7.13
2019-01-30,7.06,7.25,6.94,7.0,7.13,-0.13,-1.8233,548961.03,389066.823,7.06,7.0
2019-01-31,7.02,7.15,6.78,6.84,7.0,-0.16,-2.2857,737259.87,514279.173,7.02,6.84
2019-02-01,7.01,7.18,6.94,7.15,6.84,0.31,4.5322,693284.93,489488.856,7.01,7.15
2019-02-11,7.11,7.38,7.06,7.32,7.15,0.17,2.3776,846287.36,611211.913,7.11,7.32
2019-02-12,7.31,7.45,7.18,7.35,7.32,0.03,0.4098,887262.41,648411.813,7.31,7.35
2019-02-13,7.28,7.99,7.25,7.61,7.35,0.26,3.5374,1643399.12,1251906.118,7.28,7.61
2019-02-14,7.46,7.58,7.41,7.49,7.61,-0.12,-1.5769,935622.34,700930.884,7.46,7.49
2019-02-15,7.47,7.73,7.4,7.45,7.49,-0.04,-0.534,962353.31,726897.887,7.47,7.45
2019-02-18,7.5,8.2,7.49,7.97,7.45,0.52,6.9799,1724903.6,1356938.593,7.5,7.97
2019-02-19,7.85,8.22,7.83,7.95,7.97,-0.02,-0.2509,1657581.6,1328405.847,7.85,7.95
2019-02-20,7.98,8.04,7.75,7.93,7.95,-0.02,-0.2516,849782.4,668765.098,7.98,7.93
2019-02-21,7.64,8.23,7.4,7.78,7.93,-0.15,-1.8916,1896350.66,1476418.879,7.64,7.78
2019-02-22,7.81,8.56,7.55,8.56,7.78,0.78,10.0257,2267582.65,1842495.616,7.81,8.56
2019-02-25,9.0,9.42,8.85,9.42,8.56,0.86,10.0467,2212806.24,2037598.821,9.0,9.42
2019-02-26,9.9,10.36,9.75,9.83,9.42,0.41,4.3524,2543654.43,2590589.656,9.9,9.83
2019-02-27,9.85,10.64,9.45,10.28,9.83,0.45,4.5778,2612155.79,2638771.402,9.85,10.28
2019-02-28,9.78,9.95,9.25,9.26,10.28,-1.02,-9.9222,1381064.64,1314182.524,9.78,9.26
2019-03-01,9.38,9.93,9.05,9.65,9.26,0.39,4.2117,1392018.19,1331269.263,9.38,9.65
2019-03-04,9.89,10.62,9.45,10.15,9.65,0.5,5.1813,2273945.46,2304007.001,9.89,10.15
2019-03-05,9.8,10.45,9.71,10.27,10.15,0.12,1.1823,1674488.9,1695584.799,9.8,10.27
2019-03-06,10.2,11.3,10.09,11.3,10.27,1.03,10.0292,2261488.95,2436955.101,10.2,11.3
2019-03-07,11.62,12.43,11.15,12.43,11.3,1.13,10.0,2063866.31,2482854.745,11.62,12.43
2019-03-08,11.19,12.18,11.19,11.19,12.43,-1.24,-9.9759,1939173.49,2228057.404,11.19,11.19
2019-03-11,10.79,11.34,10.19,11.13,11.19,-0.06,-0.5362,1192096.97,1296938.976,10.79,11.13
2019-03-12,11.28,12.18,11.11,11.71,11.13,0.58,5.2111,1591031.54,1871416.228,11.28,11.71
2019-03-13,11.75,12.1,11.02,11.51,11.71,-0.2,-1.7079,1354350.06,1563129.879,11.75,11.51
2019-03-14,11.1,11.73,10.83,11.07,11.51,-0.44,-3.8228,1022577.73,1151227.622,11.1,11.07
2019-03-15,11.3,11.77,11.06,11.24,11.07,0.17,1.5357,1038715.19,1184564.236,11.3,11.24
2019-03-18,11.0,11.28,10.26,11.24,11.24,0.0,0.0,992291.63,1084823.79,11.0,11.24
2019-03-19,11.14,11.42,11.02,11.12,11.24,-0.12,-1.0676,710408.47,796185.511,11.14,11.12
2019-03-20,11.03,11.4,10.9,11.35,11.12,0.23,2.0683,844889.17,950117.494,11.03,11.35
2019-03-21,11.4,11.99,11.2,11.46,11.35,0.11,0.9692,1293903.15,1496910.356,11.4,11.46
2019-03-22,11.25,11.43,10.93,11.18,11.46,-0.28,-2.4433,724509.21,810258.86,11.25,11.18
2019-03-25,10.85,11.13,10.57,10.59,11.18,-0.59,-5.2773,724238.98,785213.22,10.85,10.59
2019-03-26,10.61,10.75,10.15,10.28,10.59,-0.31,-2.9273,591789.82,615859.194,10.61,10.28
2019-03-27,10.35,10.56,10.12,10.36,10.28,0.08,0.7782,513282.36,532517.455,10.35,10.36
2019-03-28,10.21,10.47,10.01,10.1,10.36,-0.26,-2.5097,490884.79,501882.048,10.21,10.1
2019-03-29,10.2,10.98,10.17,10.93,10.1,0.83,8.2178,1067807.99,1137886.885,10.2,10.93
2019-04-01,10.97,11.46,10.7,11.18,10.93,0.25,2.2873,1116063.47,1235516.602,10.97,11.18
2019-04-02,11.13,11.34,10.85,10.96,11.18,-0.22,-1.9678,858734.52,953616.419,11.13,10.96
2019-04-03,10.81,11.3,10.72,11.2,10.96,0.24,2.1898,903658.94,1003122.402,10.81,11.2
2019-04-04,11.27,11.27,10.9,10.99,11.2,-0.21,-1.875,728425.6,806235.305,11.27,10.99
2019-04-08,11.05,11.13,10.45,10.62,10.99,-0.37,-3.3667,530316.14,570827.841,11.05,10.62
2019-04-09,10.69,10.95,10.61,10.76,10.62,0.14,1.3183,404432.71,435747.711,10.69,10.76
2019-04-10,10.77,10.86,10.38,10.63,10.76,-0.13,-1.2082,529348.12,559069.245,10.77,10.63
2019-04-11,10.52,10.57,10.29,10.29,10.63,-0.34,-3.1985,322524.75,335732.03,10.52,10.29
2019-04-12,10.35,10.47,10.25,10.3,10.29,0.01,0.0972,260490.0,270091.986,10.35,10.3
2019-04-15,10.52,10.6,10.2,10.21,10.3,-0.09,-0.8738,287050.96,298681.889,10.52,10.21
2019-04-16,10.0,10.35,9.85,10.26,10.21,0.05,0.4897,483396.51,490135.513,10.0,10.26
2019-04-17,10.24,10.24,9.97,10.05,10.26,-0.21,-2.0468,424703.05,428564.24,10.24,10.05
2019-04-18,10.08,10.13,9.9,9.93,10.05,-0.12,-1.194,346851.1,347126.601,10.08,9.93
2019-04-19,9.86,10.12,9.86,9.94,9.93,0.01,0.1007,354798.34,354114.12,9.86,9.94
2019-04-22,10.09,10.12,9.82,9.86,9.94,-0.08,-0.8048,328871.76,326865.259,10.09,9.86
2019-04-23,9.85,10.33,9.7,10.17,9.86,0.31,3.144,651764.03,655676.524,9.85,10.17
2019-04-24,10.05,10.22,10.02,10.09,10.17,-0.08,-0.7866,325370.44,328389.746,10.05,10.09
2019-04-25,10.13,10.3,9.71,9.76,10.09,-0.33,-3.2706,558804.09,563124.272,10.13,9.76
2019-04-26,9.5,9.76,9.2,9.22,9.76,-0.54,-5.5328,502314.34,474097.515,9.5,9.22
2019-04-29,9.22,9.33,8.47,8.52,9.22,-0.7,-7.5922,492499.39,430299.988,9.22,8.52
2019-04-30,8.51,8.62,8.36,8.5,8.52,-0.02,-0.2347,295901.0,252324.76,8.51,8.5
2019-05-06,8.01,8.26,7.65,7.65,8.5,-0.85,-10.0,486169.13,382314.9,8.01,7.65
2019-05-07,7.7,8.12,7.45,8.01,7.65,0.36,4.7059,585633.63,458307.29,7.7,8.01
2019-05-08,7.75,8.0,7.65,7.82,8.01,-0.19,-2.372,347669.81,273391.965,7.75,7.82
2019-05-09,7.72,8.08,7.71,7.86,7.82,0.04,0.5115,432135.53,342203.609,7.72,7.86
2019-05-10,7.96,8.27,7.77,8.18,7.86,0.32,4.0712,607051.74,491542.929,7.96,8.18
2019-05-13,8.03,8.12,7.95,8.03,8.18,-0.15,-1.8337,281193.83,225976.598,8.03,8.03
2019-05-14,7.9,8.29,7.9,8.19,8.03,0.16,1.9925,492119.09,400135.742,7.9,8.19
2019-05-15,8.22,8.31,8.12,8.24,8.19,0.05,0.6105,486674.65,400059.833,8.22,8.24
2019-05-16,8.19,8.21,8.09,8.15,8.24,-0.09,-1.0922,282166.49,229849.152,8.19,8.15
2019-05-17,8.15,8.17,7.55,7.7,8.15,-0.45,-5.5215,373139.0,293591.516,8.15,7.7
2019-05-20,7.68,7.92,7.48,7.78,7.7,0.08,1.039,272376.44,211037.967,7.68,7.78
2019-05-21,7.75,7.94,7.72,7.86,7.78,0.08,1.0283,264307.57,207584.809,7.75,7.86
2019-05-22,7.87,7.87,7.62,7.73,7.86,-0.13,-1.6539,226081.75,175291.438,7.87,7.73
2019-05-23,7.65,8.09,7.65,7.84,7.73,0.11,1.423,397304.59,312781.153,7.65,7.84
2019-05-24,7.82,8.1,7.82,8.1,7.84,0.26,3.3163,541579.81,433117.95,7.82,8.1
2019-05-27,8.21,8.91,8.07,8.91,8.1,0.81,10.0,691230.64,584005.136,8.21,8.91
2019-05-28,8.96,9.58,8.82,9.19,8.91,0.28,3.1425,1277790.48,1169880.391,8.96,9.19
2019-05-29,9.1,9.79,9.03,9.47,9.19,0.28,3.0468,1103371.69,1039926.199,9.1,9.47
2019-05-30,9.21,9.29,9.03,9.15,9.47,-0.32,-3.3791,709381.96,648648.151,9.21,9.15
2019-05-31,9.22,9.44,9.16,9.23,9.15,0.08,0.8743,745240.64,692998.295,9.22,9.23
2019-06-03,9.55,9.99,9.3,9.36,9.23,0.13,1.4085,959399.98,919711.021,9.55,9.36
2019-06-04,9.1,9.54,8.96,9.42,9.36,0.06,0.641,698756.7,645834.541,9.1,9.42
2019-06-05,9.6,9.88,9.25,9.39,9.42,-0.03,-0.3185,845766.19,807093.214,9.6,9.39
2019-06-06,9.2,9.59,9.19,9.37,9.39,-0.02,-0.213,567306.04,534533.988,9.2,9.37
2019-06-10,9.38,9.39,8.61,9.09,9.37,-0.28,-2.9883,567999.04,512655.781,9.38,9.09
2019-06-11,9.1,9.8,8.96,9.78,9.09,0.69,7.5908,1016433.35,963621.567,9.1,9.78
2019-06-12,9.64,9.98,9.57,9.62,9.78,-0.16,-1.636,947427.67,924797.149,9.64,9.62
2019-06-13,9.48,10.17,9.45,10.0,9.62,0.38,3.9501,1086303.37,1080681.715,9.48,10.0
2019-06-14,9.9,10.15,9.7,9.81,10.0,-0.19,-1.9,856432.24,852431.932,9.9,9.81
2019-06-17,9.8,9.97,9.71,9.86,9.81,0.05,0.5097,379036.78,372795.871,9.8,9.86
2019-06-18,10.0,10.09,9.82,9.85,9.85,0.0,0.0,417291.44,414867.424,10.0,9.85
2019-06-19,10.83,10.84,10.05,10.12,9.85,0.27,2.7411,1140516.81,1195006.129,10.83,10.12
2019-06-20,9.89,11.13,9.87,11.13,10.12,1.01,9.9802,1830866.65,1957972.733,9.89,11.13
2019-06-21,11.03,11.49,10.88,10.98,11.13,-0.15,-1.3477,1540920.89,1723032.468,11.03,10.98
2019-06-24,11.2,11.25,10.58,10.73,10.98,-0.25,-2.2769,953667.0,1038210.562,11.2,10.73
2019-06-25,10.75,11.78,10.58,11.54,10.73,0.81,7.5489,1403369.2,1558031.135,10.75,11.54
2019-06-26,10.73,10.97,10.39,10.4,11.54,-1.14,-9.8787,1109652.47,1184842.72,10.73,10.4
2019-06-27,10.5,11.13,10.44,10.69,10.4,0.29,2.7885,890916.85,963230.47,10.5,10.69
2019-06-28,10.64,11.05,10.62,10.84,10.69,0.15,1.4032,676990.36,734030.097,10.64,10.84
2019-07-01,11.3,11.66,11.03,11.35,10.84,0.51,4.7048,1137797.85,1288724.515,11.3,11.35
2019-07-02,11.18,11.36,10.98,11.09,11.35,-0.26,-2.2907,673330.35,747830.346,11.18,11.09
2019-07-03,11.06,11.08,10.65,10.88,11.09,-0.21,-1.8936,545528.0,589976.891,11.06,10.88
2019-07-04,10.93,11.08,10.6,10.8,10.88,-0.08,-0.7353,468155.97,504745.675,10.93,10.8
2019-07-05,10.67,10.85,10.62,10.69,10.8,-0.11,-1.0185,282651.99,303496.661,10.67,10.69
2019-07-08,10.6,10.93,10.53,10.67,10.69,-0.02,-0.1871,582572.32,626349.161,10.6,10.67
2019-07-09,10.6,10.77,9.81,10.21,10.67,-0.46,-4.3112,709816.83,725034.152,10.6,10.21
2019-07-10,10.19,10.19,9.84,9.9,10.21,-0.31,-3.0362,396638.96,397138.643,10.19,9.9
2019-07-11,10.03,10.1,9.7,9.84,9.9,-0.06,-0.6061,389241.51,385490.722,10.03,9.84
2019-07-12,9.82,9.88,9.71,9.76,9.84,-0.08,-0.813,265303.21,260027.296,9.82,9.76
2019-07-15,9.77,10.19,9.61,10.06,9.76,0.3,3.0738,471651.97,470376.647,9.77,10.06
2019-07-16,10.03,10.14,9.95,10.01,10.06,-0.05,-0.497,264007.8,264915.762,10.03,10.01
2019-07-17,9.92,10.13,9.91,10.02,10.01,0.01,0.0999,223860.84,225098.189,9.92,10.02
2019-07-18,9.95,9.99,9.83,9.84,10.02,-0.18,-1.7964,242955.7,240401.575,9.95,9.84
2019-07-19,9.92,10.16,9.91,10.1,9.84,0.26,2.6423,373052.71,375706.035,9.92,10.1
2019-07-22,10.2,10.28,9.78,9.79,10.1,-0.31,-3.0693,328438.8,326252.112,10.2,9.79
2019-07-23,9.79,9.9,9.69,9.79,9.79,0.0,0.0,189468.0,185532.126,9.79,9.79
2019-07-24,9.87,9.94,9.73,9.78,9.79,-0.01,-0.1021,254515.0,250452.623,9.87,9.78
2019-07-25,9.75,9.77,9.49,9.57,9.78,-0.21,-2.1472,370362.52,355400.472,9.75,9.57
2019-07-26,9.5,9.5,9.12,9.18,9.57,-0.39,-4.0752,425553.8,393616.434,9.5,9.18
2019-07-29,9.26,9.26,9.17,9.24,9.18,0.06,0.6536,194741.41,179522.021,9.26,9.24
2019-07-30,9.24,9.55,9.23,9.4,9.24,0.16,1.7316,329291.06,310257.441,9.24,9.4
2019-07-31,9.39,9.39,9.26,9.32,9.4,-0.08,-0.8511,154486.27,143996.553,9.39,9.32
2019-08-01,9.22,9.35,9.13,9.2,9.32,-0.12,-1.2876,170584.27,157191.178,9.22,9.2
2019-08-02,8.9,9.02,8.79,8.93,9.2,-0.27,-2.9348,269343.0,239891.272,8.9,8.93
2019-08-05,8.87,9.19,8.82,8.97,8.93,0.04,0.4479,264264.0,238573.889,8.87,8.97
2019-08-06,8.7,9.59,8.6,9.26,8.97,0.29,3.233,635095.9,580110.388,8.7,9.26
2019-08-07,9.13,9.13,8.83,8.89,9.26,-0.37,-3.9957,436714.2,391850.325,9.13,8.89
2019-08-08,9.16,9.25,8.91,8.92,8.89,0.03,0.3375,330831.07,299684.476,9.16,8.92
2019-08-09,8.97,9.01,8.72,8.75,8.92,-0.17,-1.9058,233387.0,205665.378,8.97,8.75
2019-08-12,8.82,8.97,8.82,8.96,8.75,0.21,2.4,267450.01,238639.696,8.82,8.96
2019-08-13,8.8,8.9,8.76,8.83,8.96,-0.13,-1.4509,148992.25,131517.256,8.8,8.83
2019-08-14,8.97,9.02,8.79,8.79,8.83,-0.04,-0.453,198584.0,176173.957,8.97,8.79
2019-08-15,8.5,8.75,8.41,8.67,8.79,-0.12,-1.3652,261600.93,224251.803,8.5,8.67
2019-08-16,8.63,8.85,8.61,8.67,8.67,0.0,0.0,251606.9,219732.11,8.63,8.67
2019-08-19,8.84,9.25,8.72,9.22,8.67,0.55,6.3437,637238.54,576077.496,8.84,9.22
2019-08-20,9.22,9.32,9.01,9.07,9.22,-0.15,-1.6269,435536.99,399053.293,9.22,9.07
2019-08-21,9.05,9.1,8.96,9.0,9.07,-0.07,-0.7718,237636.98,214668.71,9.05,9.0
2019-08-22,9.06,9.06,8.92,8.99,9.0,-0.01,-0.1111,155184.13,139350.975,9.06,8.99
2019-08-23,8.99,9.08,8.91,8.97,8.99,-0.02,-0.2225,166940.99,149913.021,8.99,8.97
2019-08-26,8.72,8.9,8.67,8.83,8.97,-0.14,-1.5608,166943.59,147132.898,8.72,8.83
2019-08-27,8.85,9.13,8.85,8.95,8.83,0.12,1.359,301458.15,271090.85,8.85,8.95
2019-08-28,8.93,8.93,8.78,8.8,8.95,-0.15,-1.676,206030.46,181747.661,8.93,8.8
2019-08-29,8.78,8.83,8.7,8.74,8.8,-0.06,-0.6818,175564.99,153720.539,8.78,8.74
2019-08-30,8.81,8.87,8.6,8.63,8.74,-0.11,-1.2586,176150.26,153800.542,8.81,8.63
2019-09-02,8.65,8.87,8.64,8.8,8.63,0.17,1.9699,222341.76,195284.712,8.65,8.8
2019-09-03,8.81,8.86,8.73,8.82,8.8,0.02,0.2273,193069.99,169670.322,8.81,8.82
2019-09-04,8.78,9.1,8.75,9.0,8.82,0.18,2.0408,438690.9,394173.436,8.78,9.0
2019-09-05,9.14,9.9,9.14,9.39,9.0,0.39,4.3333,927323.36,879634.204,9.14,9.39
2019-09-06,9.48,9.54,9.28,9.42,9.39,0.03,0.3195,469162.2,440458.691,9.48,9.42
2019-09-09,9.68,9.75,9.46,9.52,9.42,0.1,1.0616,514690.96,492790.207,9.68,9.52
2019-09-10,9.51,9.87,9.37,9.69,9.52,0.17,1.7857,593256.0,569593.497,9.51,9.69
2019-09-11,9.83,9.91,9.63,9.75,9.69,0.06,0.6192,570117.35,557567.195,9.83,9.75
2019-09-12,9.73,9.93,9.62,9.92,9.75,0.17,1.7436,451415.69,441584.436,9.73,9.92
2019-09-16,9.92,9.92,9.65,9.71,9.92,-0.21,-2.1169,375734.33,367317.867,9.92,9.71
2019-09-17,9.71,9.84,9.38,9.51,9.71,-0.2,-2.0597,412683.0,396102.595,9.71,9.51
2019-09-18,9.51,9.55,9.33,9.36,9.51,-0.15,-1.5773,236963.53,222999.032,9.51,9.36
2019-09-19,9.41,9.49,9.34,9.47,9.36,0.11,1.1752,216743.21,204280.846,9.41,9.47
2019-09-20,9.46,9.48,9.35,9.42,9.47,-0.05,-0.528,221528.18,208397.612,9.46,9.42
2019-09-23,9.38,9.38,9.16,9.25,9.42,-0.17,-1.8047,194641.79,179708.845,9.38,9.25
2019-09-24,9.25,9.32,9.15,9.21,9.25,-0.04,-0.4324,205076.27,189332.693,9.25,9.21
2019-09-25,9.15,9.27,9.05,9.06,9.21,-0.15,-1.6287,202656.09,185065.186,9.15,9.06
2019-09-26,9.1,9.16,8.58,8.73,9.06,-0.33,-3.6424,274217.56,243506.805,9.1,8.73
2019-09-27,8.71,8.82,8.71,8.73,8.73,0.0,0.0,129241.0,113115.329,8.71,8.73
2019-09-30,8.74,8.81,8.56,8.59,8.73,-0.14,-1.6037,123003.22,106743.163,8.74,8.59
2019-10-08,8.46,8.63,8.46,8.47,8.59,-0.12,-1.397,129874.87,110878.294,8.46,8.47
2019-10-09,8.48,8.6,8.41,8.56,8.47,0.09,1.0626,125442.25,106858.427,8.48,8.56
2019-10-10,8.59,8.69,8.53,8.64,8.56,0.08,0.9346,130224.72,112207.793,8.59,8.64
2019-10-11,8.67,8.86,8.48,8.7,8.64,0.06,0.6944,239062.31,207482.449,8.67,8.7
2019-10-14,8.82,8.91,8.73,8.77,8.7,0.07,0.8046,280581.01,247661.175,8.82,8.77
2019-10-15,8.68,8.68,8.45,8.48,8.77,-0.29,-3.3067,197361.28,168484.759,8.68,8.48
2019-10-16,8.48,8.59,8.24,8.28,8.48,-0.2,-2.3585,181927.54,153198.929,8.48,8.28
2019-10-17,8.29,8.29,8.02,8.05,8.28,-0.23,-2.7778,222586.45,180374.471,8.29,8.05
2019-10-18,8.04,8.05,7.74,7.75,8.05,-0.3,-3.7267,270476.82,212570.24,8.04,7.75
2019-10-21,6.98,6.98,6.98,6.98,7.75,-0.77,-9.9355,107421.0,74979.858,6.98,6.98
2019-10-22,6.28,6.28,6.28,6.28,6.98,-0.7,-10.0287,101155.0,63525.34,6.28,6.28
2019-10-23,6.57,6.72,6.33,6.38,6.28,0.1,1.5924,1340171.59,868127.524,6.57,6.38
2019-10-24,6.2,6.47,6.16,6.26,6.38,-0.12,-1.8809,799096.48,504357.447,6.2,6.26
2019-10-25,6.26,6.38,6.13,6.35,6.26,0.09,1.4377,875281.24,548465.374,6.26,6.35
2019-10-28,6.21,6.49,6.21,6.41,6.35,0.06,0.9449,899096.32,574404.353,6.21,6.41
2019-10-29,6.35,6.38,6.13,6.18,6.41,-0.23,-3.5881,790785.06,493358.978,6.35,6.18
2019-10-30,6.19,6.28,6.04,6.19,6.18,0.01,0.1618,715515.53,440246.996,6.19,6.19
2019-10-31,6.13,6.21,6.06,6.13,6.19,-0.06,-0.9693,414505.55,253591.854,6.13,6.13
2019-11-01,6.09,6.16,6.05,6.16,6.13,0.03,0.4894,479096.73,292536.356,6.09,6.16
2019-11-04,6.15,6.23,6.11,6.13,6.16,-0.03,-0.487,430425.83,265169.04,6.15,6.13
2019-11-05,6.12,6.21,6.08,6.14,6.13,0.01,0.1631,643645.85,396881.31,6.12,6.14
2019-11-06,6.1,6.12,5.82,5.85,6.14,-0.29,-4.7231,807715.65,481401.279,6.1,5.85
2019-11-07,5.8,5.92,5.77,5.88,5.85,0.03,0.5128,391858.76,230251.825,5.8,5.88
2019-11-08,5.93,5.95,5.82,5.85,5.88,-0.03,-0.5102,329736.03,194151.289,5.93,5.85
2019-11-11,5.78,5.79,5.55,5.7,5.85,-0.15,-2.5641,523694.79,298474.299,5.78,5.7
2019-11-12,5.7,5.76,5.65,5.76,5.7,0.06,1.0526,350966.63,200478.3,5.7,5.76
2019-11-13,5.73,5.74,5.65,5.69,5.76,-0.07,-1.2153,264732.0,150348.72,5.73,5.69
2019-11-14,5.68,5.83,5.59,5.73,5.69,0.04,0.703,604393.85,345366.313,5.68,5.73
2019-11-15,5.75,6.07,5.73,5.87,5.73,0.14,2.4433,1150558.21,680115.895,5.75,5.87
2019-11-18,5.83,5.99,5.78,5.88,5.87,0.01,0.1704,719197.18,423900.368,5.83,5.88
2019-11-19,5.84,5.95,5.82,5.95,5.88,0.07,1.1905,612954.55,360463.586,5.84,5.95
2019-11-20,5.94,5.95,5.76,5.78,5.95,-0.17,-2.8571,523246.92,306443.796,5.94,5.78
2019-11-21,5.71,5.81,5.68,5.78,5.78,0.0,0.0,338961.89,194807.774,5.71,5.78
2019-11-22,5.76,5.83,5.6,5.68,5.78,-0.1,-1.7301,541702.31,309171.174,5.76,5.68
2019-11-25,5.67,5.69,5.57,5.63,5.68,-0.05,-0.8803,362654.19,204077.791,5.67,5.63
2019-11-26,5.64,5.66,5.51,5.52,5.63,-0.11,-1.9538,391472.11,218131.373,5.64,5.52
2019-11-27,5.48,5.55,5.46,5.47,5.52,-0.05,-0.9058,351362.26,193343.696,5.48,5.47
2019-11-28,5.47,5.5,5.29,5.32,5.47,-0.15,-2.7422,495028.35,266615.929,5.47,5.32
2019-11-29,5.33,5.5,5.22,5.36,5.32,0.04,0.7519,655079.29,351354.099,5.33,5.36
2019-12-02,5.45,5.48,5.34,5.35,5.36,-0.01,-0.1866,553307.6,299322.46,5.45,5.35
2019-12-03,5.29,5.45,5.25,5.45,5.35,0.1,1.8692,544425.74,290705.183,5.29,5.45
2019-12-04,5.42,5.57,5.41,5.49,5.45,0.04,0.7339,718167.83,395041.154,5.42,5.49
2019-12-05,5.52,5.57,5.45,5.52,5.49,0.03,0.5464,817458.73,451149.302,5.52,5.52
2019-12-06,5.53,5.54,5.42,5.49,5.52,-0.03,-0.5435,594572.6,325694.15,5.53,5.49
2019-12-09,5.52,5.57,5.45,5.5,5.49,0.01,0.1821,559039.26,308219.677,5.52,5.5
2019-12-10,5.48,5.5,5.4,5.46,5.5,-0.04,-0.7273,533940.04,290499.996,5.48,5.46
2019-12-11,5.48,6.01,5.44,5.78,5.46,0.32,5.8608,2157239.85,1252407.363,5.48,5.78
2019-12-12,5.74,6.12,5.7,6.08,5.78,0.3,5.1903,2273383.05,1349300.776,5.74,6.08
2019-12-13,6.38,6.67,6.2,6.44,6.08,0.36,5.9211,3107949.5,1993192.954,6.38,6.44
2019-12-16,6.34,6.73,6.26,6.58,6.44,0.14,2.1739,2866441.32,1859532.314,6.34,6.58
2019-12-17,6.52,7.14,6.43,6.75,6.58,0.17,2.5836,3524053.31,2378439.77,6.52,6.75
2019-12-18,6.68,7.42,6.64,7.38,6.75,0.63,9.3333,3767468.78,2642133.943,6.68,7.38
2019-12-19,7.16,7.3,7.08,7.13,7.38,-0.25,-3.3875,2393392.67,1714785.939,7.16,7.13
2019-12-20,7.14,7.5,7.02,7.07,7.13,-0.06,-0.8415,2508790.19,1822679.498,7.14,7.07
2019-12-23,6.92,7.1,6.62,6.64,7.07,-0.43,-6.082,1768932.22,1208545.548,6.92,6.64
2019-12-24,6.72,6.89,6.65,6.89,6.64,0.25,3.7651,1243492.77,840191.726,6.72,6.89
2019-12-25,6.8,7.02,6.73,6.83,6.89,-0.06,-0.8708,1249718.42,854548.39,6.8,6.83
2019-12-26,6.83,7.11,6.75,7.08,6.83,0.25,3.6603,1705532.22,1182391.266,6.83,7.08
2019-12-27,7.0,7.18,6.74,6.79,7.08,-0.29,-4.096,1942419.11,1361615.243,7.0,6.79
2019-12-30,6.66,7.1,6.6,7.0,6.79,0.21,3.0928,1778506.68,1231059.302,6.66,7.0
2019-12-31,7.0,7.47,6.93,7.36,7.0,0.36,5.1429,2536695.44,1838339.023,7.0,7.36
2020-01-02,7.57,7.6,7.25,7.28,7.36,-0.08,-1.087,2360153.68,1743901.467,7.57,7.28
2020-01-03,7.22,7.31,7.11,7.17,7.28,-0.11,-1.511,1369481.35,986227.608,7.22,7.17
2020-01-06,7.04,7.26,7.01,7.1,7.17,-0.07,-0.9763,1182716.52,843610.281,7.04,7.1
2020-01-07,7.14,7.23,7.05,7.18,7.1,0.08,1.1268,1128718.84,806198.011,7.14,7.18
2020-01-08,7.1,7.12,6.88,6.88,7.18,-0.3,-4.1783,1209764.84,846977.417,7.1,6.88
2020-01-09,7.01,7.08,6.92,6.96,6.88,0.08,1.1628,748846.57,523280.15,7.01,6.96
2020-01-10,7.09,7.09,6.9,6.94,6.96,-0.02,-0.2874,728426.16,509347.102,7.09,6.94
2020-01-13,6.88,7.0,6.71,6.99,6.94,0.05,0.7205,835334.55,571248.834,6.88,6.99
2020-01-14,7.01,7.04,6.88,6.9,6.99,-0.09,-1.2876,679306.88,473465.31,7.01,6.9
2020-01-15,6.92,6.94,6.8,6.88,6.9,-0.02,-0.2899,501130.95,344669.081,6.92,6.88
2020-01-16,6.88,6.95,6.84,6.88,6.88,0.0,0.0,504724.73,347669.572,6.88,6.88
2020-01-17,6.95,7.12,6.9,7.06,6.88,0.18,2.6163,1302397.65,915728.624,6.95,7.06
2020-01-20,7.0,7.05,6.84,6.9,7.06,-0.16,-2.2663,1405183.81,970896.199,7.0,6.9
2020-01-21,6.85,6.86,6.47,6.5,6.9,-0.4,-5.7971,1528454.82,1016730.198,6.85,6.5
2020-01-22,6.43,6.65,6.32,6.58,6.5,0.08,1.2308,826905.31,539117.771,6.43,6.58
2020-01-23,6.5,6.62,6.32,6.4,6.58,-0.18,-2.7356,779781.21,504994.663,6.5,6.4
2020-02-03,5.76,5.76,5.76,5.76,6.4,-0.64,-10.0,81672.0,47043.072,5.76,5.76
2020-02-04,5.18,5.76,5.18,5.65,5.76,-0.11,-1.9097,1497509.66,823610.073,5.18,5.65
2020-02-05,5.64,5.94,5.56,5.7,5.65,0.05,0.885,1191724.49,684553.319,5.64,5.7
2020-02-06,5.65,5.93,5.6,5.85,5.7,0.15,2.6316,1426873.15,824705.647,5.65,5.85
2020-02-07,5.81,6.18,5.78,6.11,5.85,0.26,4.4444,1670141.34,1010513.663,5.81,6.11
2020-02-10,6.02,6.18,6.0,6.11,6.11,0.0,0.0,1167630.38,710870.995,6.02,6.11
2020-02-11,6.17,6.21,5.95,5.98,6.11,-0.13,-2.1277,1303472.74,789693.234,6.17,5.98
2020-02-12,5.91,6.12,5.9,6.07,5.98,0.09,1.505,1197138.27,718422.904,5.91,6.07
2020-02-13,6.09,6.34,6.02,6.16,6.07,0.09,1.4827,1854931.53,1149276.159,6.09,6.16
2020-02-14,6.08,6.29,6.01,6.18,6.16,0.02,0.3247,1514259.53,933972.93,6.08,6.18
2020-02-17,6.29,6.46,6.21,6.42,6.18,0.24,3.8835,2121194.54,1340937.778,6.29,6.42
2020-02-18,6.38,6.47,6.28,6.35,6.42,-0.07,-1.0903,1453848.64,924052.29,6.38,6.35
2020-02-19,6.31,6.49,6.25,6.25,6.35,-0.1,-1.5748,1812770.55,1154605.821,6.31,6.25
2020-02-20,6.24,6.88,6.18,6.88,6.25,0.63,10.08,3797218.02,2480849.182,6.24,6.88
2020-02-21,6.79,7.3,6.7,6.98,6.88,0.1,1.4535,4185338.77,2910501.044,6.79,6.98
2020-02-24,6.87,7.13,6.8,7.02,6.98,0.04,0.5731,2726604.08,1903990.412,6.87,7.02
2020-02-25,6.81,7.28,6.69,7.18,7.02,0.16,2.2792,3406826.78,2384103.183,6.81,7.18
2020-02-26,7.05,7.75,7.01,7.35,7.18,0.17,2.3677,4329875.65,3202937.85,7.05,7.35
2020-02-27,7.52,7.59,7.07,7.18,7.35,-0.17,-2.3129,2941445.35,2144733.773,7.52,7.18
2020-02-28,6.82,6.97,6.46,6.55,7.18,-0.63,-8.7744,2443776.11,1647106.087,6.82,6.55
2020-03-02,6.66,7.04,6.55,6.91,6.55,0.36,5.4962,2316107.5,1575703.337,6.66,6.91
2020-03-03,7.06,7.24,6.91,7.01,6.91,0.1,1.4472,2556050.88,1802928.412,7.06,7.01
2020-03-04,6.93,7.25,6.93,7.25,7.01,0.24,3.4237,2513859.72,1785183.09,6.93,7.25
2020-03-05,7.36,7.68,7.12,7.45,7.25,0.2,2.7586,3971664.99,2941621.319,7.36,7.45
2020-03-06,7.3,7.39,7.03,7.06,7.45,-0.39,-5.2349,3105253.94,2228829.92,7.3,7.06
2020-03-09,6.95,7.19,6.85,6.94,7.06,-0.12,-1.6997,2587953.14,1819102.36,6.95,6.94
2020-03-10,6.86,7.28,6.68,7.15,6.94,0.21,3.0259,3500637.94,2462782.302,6.86,7.15
2020-03-19,5.7,5.99,5.7,5.83,6.33,-0.5,-7.8989,2071041.45,1204015.685,5.7,5.83
2020-03-20,5.83,5.95,5.58,5.86,5.83,0.03,0.5146,1423854.37,821194.006,5.83,5.86
2020-03-23,5.69,5.78,5.36,5.4,5.86,-0.46,-7.8498,1154372.0,647559.007,5.69,5.4
2020-03-24,5.55,5.57,5.28,5.54,5.4,0.14,2.5926,1104223.07,604782.839,5.55,5.54
2020-03-25,5.64,5.74,5.55,5.65,5.54,0.11,1.9856,1125341.51,635321.761,5.64,5.65
2020-03-26,5.59,5.65,5.47,5.48,5.65,-0.17,-3.0088,775648.39,430413.478,5.59,5.48
2020-03-27,5.54,5.66,5.46,5.47,5.48,-0.01,-0.1825,826520.2,458120.154,5.54,5.47
2020-03-30,5.36,5.4,5.25,5.28,5.47,-0.19,-3.4735,698246.98,371551.759,5.36,5.28
2020-03-31,5.31,5.36,5.1,5.12,5.28,-0.16,-3.0303,1168084.12,611636.179,5.31,5.12
2020-04-01,5.11,5.24,5.06,5.08,5.12,-0.04,-0.7813,965008.62,497104.342,5.11,5.08
2020-04-02,5.04,5.2,5.01,5.19,5.08,0.11,2.1654,1455500.48,741981.335,5.04,5.19
2020-04-03,5.15,5.16,5.0,5.03,5.19,-0.16,-3.0829,1249418.16,634093.486,5.15,5.03
2020-04-07,5.13,5.53,5.08,5.53,5.03,0.5,9.9404,3227564.77,1718743.536,5.13,5.53
2020-04-08,5.45,5.84,5.42,5.63,5.53,0.1,1.8083,3958061.82,2226248.726,5.45,5.63
2020-04-09,5.78,5.9,5.58,5.61,5.63,-0.02,-0.3552,2747460.99,1575617.751,5.78,5.61
2020-04-10,5.58,5.68,5.47,5.5,5.61,-0.11,-1.9608,1841912.56,1025512.805,5.58,5.5
2020-04-13,5.45,5.7,5.42,5.64,5.5,0.14,2.5455,2054331.48,1146581.169,5.45,5.64
2020-04-14,5.64,5.78,5.52,5.71,5.64,0.07,1.2411,2475984.98,1397605.876,5.64,5.71
2020-04-15,5.62,5.7,5.5,5.52,5.71,-0.19,-3.3275,1754912.44,982244.388,5.62,5.52
2020-04-16,5.47,5.68,5.46,5.57,5.52,0.05,0.9058,1610674.79,900048.791,5.47,5.57
2020-04-17,5.64,5.76,5.59,5.6,5.57,0.03,0.5386,2292437.15,1301327.386,5.64,5.6
2020-04-20,5.6,5.62,5.51,5.57,5.6,-0.03,-0.5357,1183684.94,658097.358,5.6,5.57
2020-04-21,5.52,5.54,5.37,5.41,5.57,-0.16,-2.8725,1378763.58,750251.768,5.52,5.41
2020-04-22,5.37,5.65,5.35,5.62,5.41,0.21,3.8817,1865636.34,1028546.002,5.37,5.62
2020-04-23,5.58,5.59,5.45,5.46,5.62,-0.16,-2.847,1254063.79,691991.102,5.58,5.46
2020-04-24,5.43,5.48,5.27,5.3,5.46,-0.16,-2.9304,1114272.49,597969.694,5.43,5.3
2020-04-27,5.32,5.41,5.24,5.25,5.3,-0.05,-0.9434,824887.47,439777.354,5.32,5.25
2020-04-28,5.33,5.4,5.12,5.29,5.25,0.04,0.7619,1407296.51,746900.447,5.33,5.29
2020-04-29,5.24,5.34,5.22,5.24,5.29,-0.05,-0.9452,761257.24,401038.256,5.24,5.24
2020-04-30,5.3,5.6,5.29,5.49,5.24,0.25,4.771,2065868.75,1129648.705,5.3,5.49
2020-05-06,5.34,5.59,5.31,5.59,5.49,0.1,1.8215,1762568.15,964550.406,5.34,5.59
2020-05-07,5.58,5.69,5.5,5.52,5.59,-0.07,-1.2522,1520867.83,849576.198,5.58,5.52
2020-05-08,5.58,6.07,5.54,6.07,5.52,0.55,9.9638,3540392.78,2062236.367,5.58,6.07
2020-05-11,6.15,6.22,5.98,6.08,6.07,0.01,0.1647,4576210.88,2791710.895,6.15,6.08
2020-05-12,6.08,6.14,5.9,6.01,6.08,-0.07,-1.1513,2466334.46,1479756.966,6.08,6.01
2020-05-13,5.92,6.06,5.91,5.97,6.01,-0.04,-0.6656,2090295.8,1251090.512,5.92,5.97
2020-05-14,5.91,6.02,5.87,6.0,5.97,0.03,0.5025,1857770.41,1104827.007,5.91,6.0
2020-05-15,6.03,6.06,5.91,5.93,6.0,-0.07,-1.1667,1894424.18,1134666.523,6.03,5.93
2020-05-18,5.87,5.98,5.82,5.83,5.93,-0.1,-1.6863,1769085.47,1042223.11,5.87,5.83
2020-05-19,5.9,5.94,5.78,5.83,5.83,0.0,0.0,1862406.16,1088290.145,5.9,5.83
2020-05-20,5.81,6.02,5.78,5.93,5.83,0.1,1.7153,2852152.07,1692036.546,5.81,5.93
2020-05-21,5.9,6.04,5.84,5.92,5.93,-0.01,-0.1686,2436930.56,1448411.498,5.9,5.92
2020-05-22,5.87,6.15,5.82,5.82,5.92,-0.1,-1.6892,3620907.52,2168030.211,5.87,5.82
2020-05-25,5.75,5.78,5.36,5.43,5.82,-0.39,-6.701,2997413.3,1657567.408,5.75,5.43
2020-05-26,5.44,5.55,5.41,5.5,5.43,0.07,1.2891,1507208.43,826548.977,5.44,5.5
2020-05-27,5.48,5.49,5.33,5.37,5.5,-0.13,-2.3636,1464609.95,789879.547,5.48,5.37
2020-05-28,5.39,5.59,5.38,5.48,5.37,0.11,2.0484,2063261.16,1132678.901,5.39,5.48
2020-05-29,5.4,5.47,5.37,5.47,5.48,-0.01,-0.1825,1255721.22,681028.017,5.4,5.47
2020-06-01,5.7,5.94,5.57,5.81,5.47,0.34,6.2157,3060431.44,1757412.535,5.7,5.81
2020-06-02,5.8,6.13,5.77,5.97,5.81,0.16,2.7539,3733345.19,2227941.765,5.8,5.97
2020-06-03,6.05,6.1,5.87,5.9,5.97,-0.07,-1.1725,2907760.9,1742270.593,6.05,5.9
2020-06-04,6.0,6.22,5.92,5.97,5.9,0.07,1.1864,3206504.99,1938298.027,6.0,5.97
2020-06-05,6.0,6.15,5.9,6.15,5.97,0.18,3.0151,3757113.17,2271136.338,6.0,6.15
2020-06-08,6.1,6.11,5.91,5.96,6.15,-0.19,-3.0894,2758229.88,1655950.056,6.1,5.96
2020-06-09,5.97,6.12,5.94,6.03,5.96,0.07,1.1745,2385217.41,1439759.71,5.97,6.03
2020-06-10,6.0,6.0,5.89,5.97,6.03,-0.06,-0.995,1680940.24,999499.737,6.0,5.97
2020-06-11,5.91,6.12,5.91,5.94,5.97,-0.03,-0.5025,2200924.92,1320648.441,5.91,5.94
2020-06-12,5.8,6.13,5.77,6.05,5.94,0.11,1.8519,3569561.59,2150703.101,5.8,6.05
2020-06-15,6.05,6.29,6.01,6.09,6.05,0.04,0.6612,3452318.85,2123548.092,6.05,6.09
2020-06-16,6.19,6.24,6.1,6.19,6.09,0.1,1.642,2089713.27,1286182.652,6.19,6.19
2020-06-17,6.17,6.18,5.95,6.08,6.19,-0.11,-1.7771,2023695.5,1227514.767,6.17,6.08
2020-06-18,6.08,6.24,6.04,6.15,6.08,0.07,1.1513,2259423.99,1388427.993,6.08,6.15
2020-06-19,6.15,6.5,6.09,6.37,6.15,0.22,3.5772,4575797.87,2878319.82,6.15,6.37
2020-06-22,6.34,6.74,6.28,6.39,6.37,0.02,0.314,4299802.52,2790394.213,6.34,6.39
2020-06-23,6.39,6.51,6.3,6.43,6.39,0.04,0.626,2680563.74,1718311.462,6.39,6.43
2020-06-24,6.44,6.47,6.21,6.25,6.43,-0.18,-2.7994,2312166.86,1459259.188,6.44,6.25
2020-06-29,6.1,6.17,5.97,5.98,6.25,-0.27,-4.32,2221884.75,1341939.975,6.1,5.98
2020-06-30,6.0,6.16,5.95,6.06,5.97,0.09,1.5075,1970922.89,1190791.882,6.0,6.06
2020-07-01,6.05,6.14,5.98,6.13,6.06,0.07,1.1551,2011434.69,1220505.535,6.05,6.13
2020-07-02,6.1,6.74,6.08,6.74,6.13,0.61,9.9511,5204424.09,3352595.676,6.1,6.74
2020-07-03,6.93,7.31,6.71,7.15,6.74,0.41,6.0831,6682005.94,4687982.24,6.93,7.15
2020-07-06,7.42,7.87,7.29,7.82,7.15,0.67,9.3706,6254181.07,4750054.967,7.42,7.82
2020-07-07,7.83,7.83,7.31,7.46,7.82,-0.36,-4.6036,5761162.49,4344492.761,7.83,7.46
2020-07-08,7.4,8.2,7.36,8.05,7.46,0.59,7.9088,5824755.75,4554437.878,7.4,8.05
2020-07-09,7.78,8.14,7.66,7.88,8.05,-0.17,-2.1118,4882294.8,3840049.698,7.78,7.88
2020-07-10,7.7,8.55,7.65,8.06,7.88,0.18,2.2843,5440084.22,4438730.494,7.7,8.06
2020-07-13,8.06,8.43,7.93,8.22,8.06,0.16,1.9851,4286465.11,3509269.364,8.06,8.22
2020-07-14,8.08,8.22,7.85,8.09,8.22,-0.13,-1.5815,3482557.74,2803679.626,8.08,8.09
2020-07-15,8.18,8.22,7.65,7.72,8.09,-0.37,-4.5735,2875718.2,2271527.267,8.18,7.72
2020-07-16,7.75,7.93,7.3,7.36,7.72,-0.36,-4.6632,2934906.71,2251351.246,7.75,7.36
2020-07-17,7.47,7.48,6.98,7.16,7.36,-0.2,-2.7174,2312881.94,1671038.39,7.47,7.16
2020-07-20,7.3,7.56,7.25,7.49,7.16,0.33,4.6089,2635364.43,1950693.387,7.3,7.49
2020-07-21,7.48,7.56,7.27,7.35,7.49,-0.14,-1.8692,1776535.73,1314432.303,7.48,7.35
2020-07-22,7.36,7.63,7.3,7.35,7.35,0.0,0.0,2539374.07,1894688.977,7.36,7.35
2020-07-23,7.19,7.37,7.03,7.26,7.35,-0.09,-1.2245,2042884.95,1471563.628,7.19,7.26
2020-07-24,7.2,7.52,6.93,7.01,7.26,-0.25,-3.4435,2852201.47,2069812.661,7.2,7.01
2020-07-27,7.05,7.09,6.75,6.92,7.01,-0.09,-1.2839,1640085.65,1129638.053,7.05,6.92
2020-07-28,6.97,7.02,6.84,6.93,6.92,0.01,0.1445,1045315.34,723535.872,6.97,6.93
2020-07-29,6.89,7.17,6.85,7.14,6.93,0.21,3.0303,1662108.27,1177109.877,6.89,7.14
2020-07-30,7.1,7.17,7.02,7.05,7.14,-0.09,-1.2605,1162929.58,824037.231,7.1,7.05
2020-07-31,7.05,7.34,7.03,7.18,7.05,0.13,1.844,1796032.65,1295678.212,7.05,7.18
2020-08-03,7.32,7.55,7.21,7.54,7.18,0.36,5.0139,2441827.85,1805843.943,7.32,7.54
2020-08-04,7.54,7.55,7.35,7.38,7.54,-0.16,-2.122,1706357.15,1267142.766,7.54,7.38
2020-08-05,7.35,7.38,7.23,7.29,7.38,-0.09,-1.2195,1205277.12,879322.058,7.35,7.29
2020-08-06,7.33,7.48,7.08,7.42,7.29,0.13,1.7833,1877168.83,1365868.639,7.33,7.42
2020-08-07,7.29,7.36,7.09,7.18,7.42,-0.24,-3.2345,1638719.39,1182823.943,7.29,7.18
2020-08-10,7.12,7.31,7.08,7.21,7.18,0.03,0.4178,1424817.29,1029229.311,7.12,7.21
2020-08-11,7.22,7.27,6.9,6.93,7.21,-0.28,-3.8835,1866700.59,1324294.152,7.22,6.93
2020-08-12,6.9,6.98,6.77,6.93,6.93,0.0,0.0,1088615.26,749664.683,6.9,6.93
2020-08-13,6.93,7.04,6.88,6.92,6.93,-0.01,-0.1443,996525.85,692493.817,6.93,6.92
2020-08-14,6.86,7.0,6.84,6.99,6.92,0.07,1.0116,922508.27,639208.595,6.86,6.99
2020-08-17,7.1,7.4,7.08,7.25,6.99,0.26,3.7196,2300182.08,1661710.355,7.1,7.25
2020-08-18,7.21,7.29,7.13,7.18,7.25,-0.07,-0.9655,1291396.87,930341.41,7.21,7.18
2020-08-19,7.16,7.24,7.07,7.08,7.18,-0.1,-1.3928,1184313.0,848291.398,7.16,7.08
2020-08-20,7.05,7.07,6.94,6.96,7.08,-0.12,-1.6949,893847.09,624758.783,7.05,6.96
2020-08-21,7.01,7.09,6.96,7.06,6.96,0.1,1.4368,830440.85,583638.72,7.01,7.06
2020-08-24,7.08,7.08,6.96,7.0,7.06,-0.06,-0.8499,594874.28,416685.777,7.08,7.0
2020-08-25,7.04,7.09,6.93,6.96,7.0,-0.04,-0.5714,739397.41,517943.816,7.04,6.96
2020-08-26,6.96,7.02,6.78,6.79,6.96,-0.17,-2.4425,960399.16,660949.622,6.96,6.79
2020-08-27,6.82,6.85,6.71,6.78,6.79,-0.01,-0.1473,671422.48,455363.853,6.82,6.78
2020-08-28,6.78,6.92,6.73,6.9,6.78,0.12,1.7699,863971.7,590636.993,6.78,6.9
2020-08-31,6.96,7.08,6.89,6.91,6.9,0.01,0.1449,1239270.57,867036.551,6.96,6.91
2020-09-01,6.87,6.93,6.78,6.88,6.91,-0.03,-0.4342,733258.0,502146.501,6.87,6.88
2020-09-02,6.89,6.97,6.8,6.9,6.88,0.02,0.2907,873795.09,601696.587,6.89,6.9
2020-09-03,6.91,6.99,6.86,6.9,6.9,0.0,0.0,875561.83,606941.968,6.91,6.9
2020-09-04,6.8,6.85,6.73,6.79,6.9,-0.11,-1.5942,793327.9,538874.304,6.8,6.79
2020-09-07,6.78,6.81,6.57,6.57,6.79,-0.22,-3.2401,852798.34,571424.188,6.78,6.57
2020-09-08,6.59,6.7,6.51,6.65,6.57,0.08,1.2177,807909.88,534089.558,6.59,6.65
2020-09-09,6.56,6.63,6.47,6.49,6.65,-0.16,-2.406,765588.05,501040.51,6.56,6.49
2020-09-10,6.55,6.56,6.25,6.28,6.49,-0.21,-3.2357,837647.73,537006.55,6.55,6.28
2020-09-11,6.26,6.31,6.2,6.29,6.28,0.01,0.1592,538718.66,338066.028,6.26,6.29
2020-09-14,6.32,6.37,6.28,6.32,6.29,0.03,0.4769,474636.61,300037.992,6.32,6.32
2020-09-15,6.32,6.34,6.28,6.31,6.32,-0.01,-0.1582,409175.29,258091.765,6.32,6.31
2020-09-16,6.32,6.38,6.27,6.31,6.31,0.0,0.0,517430.95,327971.283,6.32,6.31
2020-09-17,6.31,6.33,6.21,6.27,6.31,-0.04,-0.6339,509431.7,319223.205,6.31,6.27
2020-09-18,6.25,6.66,6.23,6.56,6.27,0.29,4.6252,1327884.47,856319.284,6.25,6.56
2020-09-21,6.71,6.73,6.52,6.52,6.56,-0.04,-0.6098,1053746.67,696327.772,6.71,6.52
2020-09-22,6.45,6.78,6.43,6.59,6.52,0.07,1.0736,1362841.11,903992.969,6.45,6.59
2020-09-23,6.59,6.64,6.52,6.54,6.59,-0.05,-0.7587,613404.86,402525.669,6.59,6.54
2020-09-24,6.49,6.62,6.47,6.48,6.54,-0.06,-0.9174,618079.58,404297.243,6.49,6.48
2020-09-25,6.51,6.64,6.46,6.55,6.48,0.07,1.0802,736354.57,482633.837,6.51,6.55
2020-09-28,6.57,6.93,6.55,6.73,6.55,0.18,2.7481,1823867.57,1239218.952,6.57,6.73
2020-09-29,6.65,6.72,6.5,6.61,6.73,-0.12,-1.7831,1253853.65,830933.206,6.65,6.61
2020-09-30,6.63,6.65,6.42,6.47,6.61,-0.14,-2.118,691465.84,451133.224,6.63,6.47
2020-10-09,6.57,6.63,6.51,6.63,6.47,0.16,2.473,666098.45,437957.588,6.57,6.63
2020-10-12,6.68,6.85,6.64,6.82,6.63,0.19,2.8658,1507891.56,1023381.739,6.68,6.82
2020-10-13,6.74,6.76,6.62,6.68,6.82,-0.14,-2.0528,1118846.18,746305.224,6.74,6.68
2020-10-14,6.66,6.67,6.51,6.53,6.68,-0.15,-2.2455,922701.62,604943.293,6.66,6.53
2020-10-15,6.54,6.62,6.51,6.52,6.53,-0.01,-0.1531,546355.75,358146.227,6.54,6.52
2020-10-16,6.55,6.57,6.51,6.54,6.52,0.02,0.3067,435393.94,284522.957,6.55,6.54
2020-10-19,6.46,6.46,6.21,6.22,6.54,-0.32,-4.893,1511966.1,952854.876,6.46,6.22
2020-10-20,6.19,6.23,6.11,6.23,6.22,0.01,0.1608,594759.19,366520.376,6.19,6.23
2020-10-21,6.22,6.24,6.15,6.18,6.23,-0.05,-0.8026,386580.55,238983.776,6.22,6.18
2020-10-22,6.17,6.3,6.13,6.25,6.18,0.07,1.1327,552329.08,344012.135,6.17,6.25
2020-10-23,6.24,6.26,6.13,6.13,6.25,-0.12,-1.92,483358.19,299660.684,6.24,6.13
2020-10-26,6.1,6.16,6.02,6.08,6.13,-0.05,-0.8157,474597.37,288881.762,6.1,6.08
2020-10-27,6.06,6.11,6.05,6.09,6.08,0.01,0.1645,313577.43,190749.31,6.06,6.09
2020-10-28,6.08,6.13,6.03,6.1,6.09,0.01,0.1642,405470.67,246555.222,6.08,6.1
2020-10-29,6.02,6.14,6.0,6.09,6.1,-0.01,-0.1639,493653.77,300162.503,6.02,6.09
2020-10-30,6.09,6.12,5.84,5.86,6.09,-0.23,-3.7767,671749.63,401927.704,6.09,5.86
2020-11-02,5.86,6.03,5.78,5.87,5.86,0.01,0.1706,542616.58,320606.082,5.86,5.87
2020-11-03,5.89,6.07,5.88,6.01,5.87,0.14,2.385,609323.06,365173.352,5.89,6.01
2020-11-04,6.02,6.02,5.92,5.98,6.01,-0.03,-0.4992,442391.98,264446.83,6.02,5.98
2020-11-05,6.04,6.09,5.98,6.03,5.98,0.05,0.8361,646024.76,389526.795,6.04,6.03
2020-11-06,6.03,6.1,5.99,6.04,6.03,0.01,0.1658,805346.11,486289.337,6.03,6.04
2020-11-09,6.06,6.26,6.01,6.2,6.04,0.16,2.649,1730790.05,1063679.899,6.06,6.2
2020-11-10,6.2,6.24,6.05,6.08,6.2,-0.12,-1.9355,904914.16,556382.668,6.2,6.08
2020-11-11,6.07,6.09,5.98,6.0,6.08,-0.08,-1.3158,587852.26,353967.505,6.07,6.0
2020-11-12,6.01,6.03,5.93,5.95,6.0,-0.05,-0.8333,449579.18,268426.015,6.01,5.95
2020-11-13,5.93,5.96,5.9,5.93,5.95,-0.02,-0.3361,367080.42,217607.688,5.93,5.93
2020-11-16,5.97,6.0,5.93,5.98,5.93,0.05,0.8432,388253.4,231691.263,5.97,5.98
2020-11-17,5.98,6.01,5.91,5.94,5.98,-0.04,-0.6689,494214.63,293674.919,5.98,5.94
2020-11-18,5.94,6.03,5.93,5.97,5.94,0.03,0.5051,529769.9,317410.151,5.94,5.97
2020-11-19,5.94,6.08,5.91,6.05,5.97,0.08,1.34,753572.0,452809.475,5.94,6.05
2020-11-20,6.03,6.07,6.0,6.05,6.05,0.0,0.0,466504.39,281502.044,6.03,6.05
2020-11-23,6.02,6.25,6.0,6.13,6.05,0.08,1.3223,1350852.71,827237.793,6.02,6.13
2020-11-24,6.08,6.15,6.06,6.08,6.13,-0.05,-0.8157,637724.21,388914.876,6.08,6.08
2020-11-25,6.11,6.15,5.95,5.96,6.08,-0.12,-1.9737,758979.91,459404.038,6.11,5.96
2020-11-26,5.96,6.01,5.92,5.97,5.96,0.01,0.1678,437619.47,260952.194,5.96,5.97
2020-11-27,5.96,6.05,5.93,6.05,5.97,0.08,1.34,620975.25,371831.857,5.96,6.05
2020-11-30,6.09,6.23,6.04,6.06,6.05,0.01,0.1653,2247222.98,1379767.342,6.09,6.06
2020-12-01,6.01,6.29,5.97,6.22,6.06,0.16,2.6403,2490139.03,1530623.769,6.01,6.22
2020-12-02,6.22,6.62,6.16,6.45,6.22,0.23,3.6977,3848265.54,2459298.004,6.22,6.45
2020-12-03,6.39,6.85,6.36,6.57,6.45,0.12,1.8605,3965216.62,2638534.009,6.39,6.57
2020-12-04,6.44,6.49,6.33,6.38,6.57,-0.19,-2.8919,2309820.78,1476106.17,6.44,6.38
2020-12-07,6.33,6.38,6.21,6.23,6.38,-0.15,-2.3511,1313570.37,825680.911,6.33,6.23
2020-12-08,6.22,6.33,6.19,6.27,6.23,0.04,0.6421,1186159.11,744105.117,6.22,6.27
2020-12-09,6.28,6.34,6.05,6.1,6.27,-0.17,-2.7113,1305728.53,811602.646,6.28,6.1
2020-12-10,6.07,6.14,6.02,6.08,6.1,-0.02,-0.3279,907302.95,551757.776,6.07,6.08
2020-12-11,6.05,6.08,5.9,5.99,6.08,-0.09,-1.4803,1068813.61,639246.691,6.05,5.99
2020-12-14,5.98,6.01,5.93,6.0,5.99,0.01,0.1669,514213.25,307286.74,5.98,6.0
2020-12-15,5.99,6.04,5.94,6.0,6.0,0.0,0.0,516294.56,309266.134,5.99,6.0
2020-12-16,6.0,6.01,5.91,5.92,6.0,-0.08,-1.3333,652615.3,388223.249,6.0,5.92
2020-12-17,5.9,6.08,5.83,6.06,5.92,0.14,2.3649,1073124.96,642002.085,5.9,6.06
2020-12-18,6.03,6.09,5.97,5.99,6.06,-0.07,-1.1551,670888.77,404304.418,6.03,5.99
2020-12-21,5.98,6.1,5.95,6.05,5.99,0.06,1.0017,779703.67,469820.012,5.98,6.05
2020-12-22,6.0,6.02,5.81,5.81,6.05,-0.24,-3.9669,1123280.72,664070.282,6.0,5.81
2020-12-23,5.86,5.9,5.76,5.82,5.81,0.01,0.1721,848380.17,494086.492,5.86,5.82
2020-12-24,5.8,5.85,5.69,5.7,5.82,-0.12,-2.0619,665689.77,383353.597,5.8,5.7
2020-12-25,5.67,5.8,5.62,5.76,5.7,0.06,1.0526,725775.87,415785.656,5.67,5.76
2020-12-28,5.73,5.78,5.57,5.6,5.76,-0.16,-2.7778,1112376.97,631032.294,5.73,5.6
2020-12-29,5.6,5.98,5.57,5.76,5.6,0.16,2.8571,1924631.85,1113638.338,5.6,5.76
2020-12-30,5.7,5.84,5.66,5.82,5.76,0.06,1.0417,1779409.58,1025889.22,5.7,5.82
2020-12-31,5.85,6.15,5.82,6.1,5.82,0.28,4.811,2625996.55,1581966.787,5.85,6.1
2021-01-04,6.14,6.18,6.01,6.08,6.1,-0.02,-0.3279,1996028.26,1216178.733,6.14,6.08
2021-01-05,6.02,6.3,6.01,6.16,6.08,0.08,1.3158,2367064.95,1455383.813,6.02,6.16
2021-01-06,6.1,6.19,5.91,6.03,6.16,-0.13,-2.1104,1837747.83,1107714.883,6.1,6.03
2021-01-07,6.0,6.07,5.78,6.01,6.03,-0.02,-0.3317,1531285.47,911649.318,6.0,6.01
2021-01-08,5.99,6.06,5.89,5.91,6.01,-0.1,-1.6639,1145911.92,682435.487,5.99,5.91
2021-01-11,5.95,5.97,5.7,5.71,5.91,-0.2,-3.3841,1149342.21,670397.57,5.95,5.71
2021-01-12,5.69,6.0,5.67,5.95,5.71,0.24,4.2032,1634528.37,952926.416,5.69,5.95
2021-01-13,5.94,5.96,5.75,5.78,5.95,-0.17,-2.8571,1223394.4,714799.187,5.94,5.78
2021-01-14,5.76,5.82,5.72,5.74,5.78,-0.04,-0.692,858473.62,495041.296,5.76,5.74
2021-01-15,5.74,5.85,5.72,5.74,5.74,0.0,0.0,768962.78,443882.76,5.74,5.74
2021-01-18,5.72,5.83,5.7,5.77,5.74,0.03,0.5226,689563.41,398141.794,5.72,5.77
2021-01-19,5.76,5.85,5.72,5.77,5.77,0.0,0.0,831857.65,480611.347,5.76,5.77
2021-01-20,5.76,5.8,5.7,5.73,5.77,-0.04,-0.6932,679056.21,390113.992,5.76,5.73
2021-01-21,5.72,5.87,5.71,5.76,5.73,0.03,0.5236,1051977.34,608416.358,5.72,5.76
2021-01-22,5.75,5.76,5.6,5.62,5.76,-0.14,-2.4306,1063303.51,602213.768,5.75,5.62
2021-01-25,5.61,5.67,5.5,5.51,5.62,-0.11,-1.9573,930844.77,518942.031,5.61,5.51
2021-01-26,5.51,5.53,5.36,5.38,5.51,-0.13,-2.3593,897443.42,488013.474,5.51,5.38
2021-01-27,5.39,5.45,5.38,5.41,5.38,0.03,0.5576,447313.89,242137.139,5.39,5.41
2021-01-28,5.37,5.45,5.35,5.39,5.41,-0.02,-0.3697,537671.58,290236.11,5.37,5.39
2021-01-29,5.42,5.44,5.23,5.3,5.39,-0.09,-1.6698,685045.21,365562.049,5.42,5.3
2021-02-01,5.32,5.34,5.19,5.23,5.3,-0.07,-1.3208,594233.17,311848.804,5.32,5.23
2021-02-02,5.23,5.28,5.19,5.25,5.23,0.02,0.3824,503926.91,263962.461,5.23,5.25
2021-02-03,5.22,5.29,5.21,5.21,5.25,-0.04,-0.7619,477170.26,250497.486,5.22,5.21
2021-02-04,5.18,5.19,5.0,5.03,5.21,-0.18,-3.4549,804678.08,408064.084,5.18,5.03
2021-02-05,5.05,5.12,5.0,5.02,5.03,-0.01,-0.1988,546972.0,276043.588,5.05,5.02
2021-02-08,5.01,5.05,4.91,4.96,5.02,-0.06,-1.1952,542385.81,270169.403,5.01,4.96
2021-02-09,4.96,5.09,4.92,5.07,4.96,0.11,2.2177,650842.01,326663.25,4.96,5.07
2021-02-10,5.05,5.1,5.02,5.06,5.07,-0.01,-0.1972,464265.54,234994.235,5.05,5.06
2021-02-18,5.12,5.21,5.11,5.15,5.06,0.09,1.7787,712724.56,367478.006,5.12,5.15
2021-02-19,5.14,5.33,5.13,5.31,5.15,0.16,3.1068,795058.2,416866.875,5.14,5.31
2021-02-22,5.32,5.42,5.25,5.25,5.31,-0.06,-1.1299,1036148.06,553972.801,5.32,5.25
2021-02-23,5.22,5.3,5.2,5.22,5.25,-0.03,-0.5714,568143.42,297947.957,5.22,5.22
2021-02-24,5.22,5.3,5.19,5.25,5.22,0.03,0.5747,582425.87,305587.008,5.22,5.25
2021-02-25,5.26,5.3,5.22,5.25,5.25,0.0,0.0,581208.05,305640.119,5.26,5.25
2021-02-26,5.2,5.24,5.17,5.19,5.25,-0.06,-1.1429,477934.67,248536.328,5.2,5.19
2021-03-01,5.23,5.23,5.17,5.21,5.19,0.02,0.3854,404430.19,210052.702,5.23,5.21
2021-03-02,5.2,5.23,5.13,5.16,5.21,-0.05,-0.9597,425271.5,220137.556,5.2,5.16
2021-03-03,5.14,5.28,5.13,5.26,5.16,0.1,1.938,651034.81,340670.858,5.14,5.26
2021-03-04,5.23,5.27,5.18,5.19,5.26,-0.07,-1.3308,534610.35,279378.351,5.23,5.19
2021-03-05,5.16,5.4,5.16,5.33,5.19,0.14,2.6975,1100728.1,585555.696,5.16,5.33
2021-03-08,5.36,5.4,5.25,5.26,5.33,-0.07,-1.3133,727475.2,386986.012,5.36,5.26
2021-03-09,5.29,5.33,5.08,5.13,5.26,-0.13,-2.4715,700376.02,364157.793,5.29,5.13
2021-03-10,5.15,5.18,5.05,5.06,5.13,-0.07,-1.3645,486825.37,249067.898,5.15,5.06
2021-03-11,5.07,5.14,5.05,5.14,5.06,0.08,1.581,403998.78,206386.722,5.07,5.14
2021-03-12,5.13,5.19,5.06,5.14,5.14,0.0,0.0,626011.07,320865.004,5.13,5.14
2021-03-15,5.09,5.13,5.06,5.11,5.14,-0.03,-0.5837,410037.94,208937.282,5.09,5.11
2021-03-16,5.15,5.15,5.08,5.12,5.11,0.01,0.1957,330690.61,169145.404,5.15,5.12
2021-03-17,5.12,5.15,5.09,5.12,5.12,0.0,0.0,383358.21,196307.252,5.12,5.12
2021-03-18,5.11,5.18,5.11,5.12,5.12,0.0,0.0,424300.63,217937.777,5.11,5.12
2021-03-19,5.1,5.12,5.07,5.08,5.12,-0.04,-0.7813,389571.9,198387.154,5.1,5.08
2021-03-22,5.1,5.18,5.08,5.15,5.08,0.07,1.378,506731.2,260220.911,5.1,5.15
2021-03-23,5.13,5.24,5.11,5.18,5.15,0.03,0.5825,659402.67,340786.937,5.13,5.18
2021-03-24,5.15,5.37,5.14,5.22,5.18,0.04,0.7722,1100450.43,578299.961,5.15,5.22
2021-03-25,5.19,5.26,5.16,5.16,5.22,-0.06,-1.1494,501489.01,260972.987,5.19,5.16
2021-03-26,5.16,5.19,5.13,5.17,5.16,0.01,0.1938,391617.33,202173.474,5.16,5.17
2021-03-29,5.18,5.19,5.13,5.14,5.17,-0.03,-0.5803,359598.53,185654.097,5.18,5.14
2021-03-30,5.13,5.15,5.07,5.08,5.14,-0.06,-1.1673,490553.08,250192.599,5.13,5.08
2021-03-31,5.09,5.09,5.01,5.04,5.08,-0.04,-0.7874,369182.0,186277.87,5.09,5.04
2021-04-01,5.05,5.07,5.03,5.06,5.04,0.02,0.3968,275021.27,138839.852,5.05,5.06
2021-04-02,5.07,5.07,5.02,5.04,5.06,-0.02,-0.3953,309115.29,155863.148,5.07,5.04
2021-04-06,5.07,5.07,5.03,5.04,5.04,0.0,0.0,259635.71,131147.71,5.07,5.04
2021-04-07,5.04,5.11,5.03,5.07,5.04,0.03,0.5952,428241.1,216938.335,5.04,5.07
2021-04-08,5.06,5.18,5.05,5.13,5.07,0.06,1.1834,742133.46,380702.452,5.06,5.13
2021-04-09,5.1,5.11,5.04,5.07,5.13,-0.06,-1.1696,449977.6,228063.04,5.1,5.07
2021-04-12,5.06,5.06,4.97,4.98,5.07,-0.09,-1.7751,526964.47,264750.798,5.06,4.98
2021-04-13,4.98,4.99,4.9,4.94,4.98,-0.04,-0.8032,516283.51,254877.12,4.98,4.94
2021-04-14,4.94,4.99,4.92,4.99,4.94,0.05,1.0121,447232.27,221455.121,4.94,4.99
2021-04-15,4.98,5.06,4.95,4.99,4.99,0.0,0.0,612754.65,306137.203,4.98,4.99
2021-04-16,4.98,5.02,4.95,4.99,4.99,0.0,0.0,538684.41,268852.043,4.98,4.99
2021-04-19,4.98,5.08,4.96,5.06,4.99,0.07,1.4028,801813.33,403753.322,4.98,5.06
2021-04-20,5.06,5.09,4.91,4.92,5.06,-0.14,-2.7668,1432254.5,714511.242,5.06,4.92
2021-04-21,4.91,4.99,4.8,4.99,4.92,0.07,1.4228,1430145.2,698533.881,4.91,4.99
2021-04-22,4.97,5.01,4.93,4.98,4.99,-0.01,-0.2004,592958.51,294549.162,4.97,4.98
2021-04-23,4.95,4.96,4.89,4.9,4.98,-0.08,-1.6064,437825.56,215471.349,4.95,4.9
2021-04-26,4.89,4.92,4.82,4.83,4.9,-0.07,-1.4286,470820.16,229270.767,4.89,4.83
2021-04-27,4.82,4.85,4.77,4.82,4.83,-0.01,-0.207,428471.25,206068.918,4.82,4.82
2021-04-28,4.81,4.81,4.74,4.77,4.82,-0.05,-1.0373,527691.47,251906.803,4.81,4.77
2021-04-29,4.75,4.88,4.74,4.8,4.77,0.03,0.6289,736568.94,354684.571,4.75,4.8
2021-04-30,4.8,4.81,4.71,4.71,4.8,-0.09,-1.875,501311.89,237777.947,4.8,4.71
2021-05-06,4.79,4.89,4.77,4.78,4.71,0.07,1.4862,659858.01,318311.252,4.79,4.78
2021-05-07,4.74,4.78,4.72,4.74,4.78,-0.04,-0.8368,435820.15,206636.366,4.74,4.74
2021-05-10,4.71,4.73,4.67,4.67,4.74,-0.07,-1.4768,479637.3,225020.124,4.71,4.67
2021-05-11,4.66,4.77,4.65,4.73,4.67,0.06,1.2848,527951.07,249118.065,4.66,4.73
2021-05-12,4.7,4.77,4.69,4.73,4.73,0.0,0.0,331014.54,156384.915,4.7,4.73
2021-05-13,4.71,4.75,4.7,4.71,4.73,-0.02,-0.4228,315656.66,148979.109,4.71,4.71
2021-05-14,4.72,4.96,4.72,4.94,4.71,0.23,4.8832,1617841.61,787556.989,4.72,4.94
2021-05-17,4.8,4.86,4.73,4.75,4.94,-0.19,-3.8462,1398815.7,669705.763,4.8,4.75
2021-05-18,4.73,4.84,4.72,4.76,4.75,0.01,0.2105,676620.24,323281.195,4.73,4.76
2021-05-19,4.75,4.79,4.72,4.73,4.76,-0.03,-0.6303,512821.68,243521.629,4.75,4.73
2021-05-20,4.72,4.83,4.71,4.8,4.73,0.07,1.4799,881044.48,420556.132,4.72,4.8
2021-05-21,4.8,4.8,4.72,4.73,4.8,-0.07,-1.4583,502830.6,238879.9,4.8,4.73
2021-05-24,4.75,4.82,4.74,4.78,4.73,0.05,1.0571,755863.5,361891.898,4.75,4.78
2021-05-25,4.78,4.96,4.76,4.91,4.78,0.13,2.7197,1612232.57,790250.579,4.78,4.91
2021-05-26,4.93,5.4,4.93,5.15,4.91,0.24,4.888,3601537.15,1874994.373,4.93,5.15
2021-05-27,5.1,5.25,5.06,5.12,5.15,-0.03,-0.5825,1851688.86,955346.109,5.1,5.12
2021-05-28,5.12,5.24,5.07,5.17,5.12,0.05,0.9766,1664103.76,858030.206,5.12,5.17
2021-05-31,5.15,5.15,5.05,5.1,5.17,-0.07,-1.354,1079312.27,549529.07,5.15,5.1
2021-06-01,5.08,5.1,5.0,5.09,5.1,-0.01,-0.1961,870123.51,438729.597,5.08,5.09
2021-06-02,5.05,5.11,4.92,4.93,5.09,-0.16,-3.1434,1108648.0,553314.271,5.05,4.93
2021-06-03,4.98,5.03,4.89,4.9,4.93,-0.03,-0.6085,955981.2,473561.754,4.98,4.9
2021-06-04,4.86,5.08,4.86,4.93,4.9,0.03,0.6122,1160773.63,573117.529,4.86,4.93
2021-06-07,4.91,4.98,4.88,4.93,4.93,0.0,0.0,644086.7,317416.765,4.91,4.93
2021-06-08,4.93,4.98,4.9,4.93,4.93,0.0,0.0,652865.84,322538.041,4.93,4.93
2021-06-09,4.93,4.94,4.86,4.89,4.93,-0.04,-0.8114,595005.85,291427.004,4.93,4.89
2021-06-10,4.88,4.93,4.87,4.89,4.89,0.0,0.0,604979.67,296215.939,4.88,4.89
2021-06-11,4.9,4.95,4.87,4.89,4.89,0.0,0.0,816917.38,401047.428,4.9,4.89
2021-06-15,4.87,4.92,4.86,4.86,4.89,-0.03,-0.6135,510754.85,249553.289,4.87,4.86
2021-06-16,4.86,4.91,4.85,4.88,4.86,0.02,0.4115,466545.81,227703.627,4.86,4.88
2021-06-17,4.88,4.92,4.86,4.87,4.88,-0.01,-0.2049,435768.08,212798.532,4.88,4.87
2021-06-18,4.87,4.92,4.86,4.9,4.87,0.03,0.616,569819.27,278725.043,4.87,4.9
2021-06-21,4.93,4.94,4.87,4.88,4.9,-0.02,-0.4082,471707.58,230929.307,4.93,4.88
2021-06-22,4.89,4.91,4.85,4.86,4.88,-0.02,-0.4098,482854.22,235374.001,4.89,4.86
2021-06-23,4.87,4.87,4.81,4.83,4.86,-0.03,-0.6173,590178.99,285199.657,4.87,4.83
2021-06-24,4.83,4.88,4.81,4.82,4.83,-0.01,-0.207,546396.01,264599.809,4.83,4.82
2021-06-25,4.83,4.97,4.81,4.94,4.82,0.12,2.4896,1200037.37,588271.085,4.83,4.94
2021-06-28,4.93,4.93,4.83,4.86,4.94,-0.08,-1.6194,629162.92,306583.274,4.93,4.86
2021-06-29,4.84,4.88,4.8,4.81,4.86,-0.05,-1.0288,455779.41,220266.998,4.84,4.81
2021-06-30,4.82,4.88,4.8,4.86,4.81,0.05,1.0395,441414.35,213408.892,4.82,4.86
2021-07-01,4.88,4.92,4.71,4.74,4.86,-0.12,-2.4691,630265.37,303529.55,4.88,4.74
2021-07-02,4.73,4.74,4.66,4.67,4.74,-0.07,-1.4768,530544.34,248616.287,4.73,4.67
2021-07-05,4.69,4.69,4.65,4.67,4.67,0.0,0.0,310461.86,144872.11,4.69,4.67
2021-07-06,4.67,4.71,4.66,4.69,4.67,0.02,0.4283,324756.09,151952.056,4.67,4.69
2021-07-07,4.68,4.72,4.66,4.68,4.69,-0.01,-0.2132,266228.54,124763.66,4.68,4.68
2021-07-08,4.7,4.71,4.65,4.66,4.68,-0.02,-0.4274,294356.91,137703.721,4.7,4.66
2021-07-09,4.65,4.67,4.62,4.65,4.66,-0.01,-0.2146,348746.5,162124.028,4.65,4.65
2021-07-12,4.68,4.75,4.67,4.69,4.65,0.04,0.8602,662609.51,311857.963,4.68,4.69
2021-07-13,4.69,4.71,4.65,4.66,4.69,-0.03,-0.6397,343307.63,160238.728,4.69,4.66
2021-07-14,4.67,4.67,4.62,4.63,4.66,-0.03,-0.6438,352641.26,163666.006,4.67,4.63
2021-07-15,4.63,4.65,4.56,4.62,4.63,-0.01,-0.216,436569.19,201249.79,4.63,4.62
2021-07-16,4.63,4.66,4.58,4.63,4.62,0.01,0.2165,433982.98,200393.928,4.63,4.63
2021-07-19,4.62,4.62,4.56,4.58,4.63,-0.05,-1.0799,408687.54,187430.221,4.62,4.58
2021-07-20,4.55,4.58,4.54,4.55,4.58,-0.03,-0.655,271721.83,123691.549,4.55,4.55
2021-07-21,4.57,4.62,4.55,4.57,4.55,0.02,0.4396,383978.53,176025.268,4.57,4.57
2021-07-22,4.58,4.65,4.57,4.64,4.57,0.07,1.5317,552507.22,255298.913,4.58,4.64
2021-07-23,4.64,4.78,4.6,4.67,4.64,0.03,0.6466,917640.41,429964.122,4.64,4.67
2021-07-26,4.68,4.69,4.57,4.59,4.67,-0.08,-1.7131,625547.27,289365.476,4.68,4.59
2021-07-27,4.59,4.61,4.46,4.47,4.59,-0.12,-2.6144,615219.49,278842.962,4.59,4.47
2021-07-28,4.46,4.49,4.34,4.36,4.47,-0.11,-2.4609,521059.39,229421.468,4.46,4.36
2021-07-29,4.4,4.44,4.34,4.38,4.36,0.02,0.4587,505281.65,221351.664,4.4,4.38
2021-07-30,4.36,4.37,4.27,4.28,4.38,-0.1,-2.2831,491156.32,210891.526,4.36,4.28
2021-08-02,4.26,4.45,4.18,4.36,4.28,0.08,1.8692,761529.04,328425.049,4.26,4.36
2021-08-03,4.31,4.43,4.31,4.34,4.36,-0.02,-0.4587,574282.67,250740.185,4.31,4.34
2021-08-04,4.34,4.37,4.3,4.33,4.34,-0.01,-0.2304,411546.83,178178.057,4.34,4.33
2021-08-05,4.32,4.35,4.25,4.25,4.33,-0.08,-1.8476,408460.79,175545.372,4.32,4.25
2021-08-06,4.25,4.29,4.24,4.25,4.25,0.0,0.0,301689.29,128482.775,4.25,4.25
2021-08-09,4.26,4.35,4.24,4.33,4.25,0.08,1.8824,536224.76,231353.818,4.26,4.33
2021-08-10,4.33,4.41,4.3,4.4,4.33,0.07,1.6166,631236.59,275225.517,4.33,4.4
2021-08-11,4.39,4.42,4.33,4.35,4.4,-0.05,-1.1364,477798.29,208618.279,4.39,4.35
2021-08-12,4.35,4.37,4.32,4.33,4.35,-0.02,-0.4598,316128.58,137244.428,4.35,4.33
2021-08-13,4.33,4.35,4.29,4.3,4.33,-0.03,-0.6928,344652.91,148622.773,4.33,4.3
2021-08-16,4.3,4.36,4.3,4.33,4.3,0.03,0.6977,467378.35,202703.324,4.3,4.33
2021-08-17,4.32,4.44,4.3,4.31,4.33,-0.02,-0.4619,827426.45,362100.378,4.32,4.31
2021-08-18,4.31,4.57,4.3,4.54,4.31,0.23,5.3364,1841536.01,820884.229,4.31,4.54
2021-08-19,4.51,4.56,4.41,4.41,4.54,-0.13,-2.8634,1201160.52,536410.309,4.51,4.41
2021-08-20,4.4,4.59,4.39,4.59,4.41,0.18,4.0816,1608126.42,724280.551,4.4,4.59
2021-08-23,4.61,4.66,4.5,4.54,4.59,-0.05,-1.0893,1232979.19,561935.163,4.61,4.54
2021-08-24,4.5,4.59,4.48,4.52,4.54,-0.02,-0.4405,1024228.73,464226.771,4.5,4.52
2021-08-25,4.5,4.51,4.43,4.44,4.52,-0.08,-1.7699,771232.69,343735.164,4.5,4.44
2021-08-26,4.45,4.48,4.4,4.41,4.44,-0.03,-0.6757,631366.91,279962.795,4.45,4.41
2021-08-27,4.4,4.43,4.35,4.36,4.41,-0.05,-1.1338,576700.09,252864.292,4.4,4.36
2021-08-30,4.36,4.4,4.3,4.3,4.36,-0.06,-1.3761,585243.55,253465.215,4.36,4.3
2021-08-31,4.25,4.35,4.22,4.33,4.3,0.03,0.6977,671907.45,288951.022,4.25,4.33
2021-09-01,4.31,4.49,4.29,4.44,4.33,0.11,2.5404,1597195.33,703245.727,4.31,4.44
2021-09-02,4.42,4.51,4.4,4.47,4.44,0.03,0.6757,1301115.8,581286.442,4.42,4.47
2021-09-03,4.64,4.69,4.47,4.49,4.47,0.02,0.4474,1623632.06,737412.481,4.64,4.49
2021-09-06,4.47,4.66,4.47,4.62,4.49,0.13,2.8953,1764603.22,814000.214,4.47,4.62
2021-09-07,4.61,4.66,4.54,4.64,4.62,0.02,0.4329,1299955.35,598367.572,4.61,4.64
2021-09-08,4.65,5.1,4.65,4.98,4.64,0.34,7.3276,6336470.84,3184491.908,4.65,4.98
2021-09-09,4.86,4.9,4.73,4.75,4.98,-0.23,-4.6185,3883953.18,1865413.392,4.86,4.75
2021-09-10,4.77,4.87,4.71,4.71,4.75,-0.04,-0.8421,2382420.17,1139809.848,4.77,4.71
2021-09-13,4.69,4.75,4.66,4.68,4.71,-0.03,-0.6369,1246116.38,585199.479,4.69,4.68
2021-09-14,4.68,4.69,4.53,4.55,4.68,-0.13,-2.7778,1267863.89,583236.197,4.68,4.55
2021-09-15,4.54,4.65,4.53,4.6,4.55,0.05,1.0989,1068901.0,491602.607,4.54,4.6
2021-09-16,4.6,4.62,4.47,4.49,4.6,-0.11,-2.3913,1108272.32,503892.505,4.6,4.49
2021-09-17,4.5,4.52,4.42,4.47,4.49,-0.02,-0.4454,772293.88,344781.519,4.5,4.47
2021-09-22,4.43,4.5,4.4,4.47,4.47,0.0,0.0,559034.95,249273.062,4.43,4.47
2021-09-23,4.52,4.75,4.51,4.62,4.47,0.15,3.3557,1676155.47,779468.937,4.52,4.62
2021-09-24,4.59,4.62,4.51,4.53,4.62,-0.09,-1.9481,908757.31,414881.438,4.59,4.53
2021-09-27,4.5,4.55,4.38,4.4,4.53,-0.13,-2.8698,765469.91,340464.744,4.5,4.4
2021-09-28,4.41,4.44,4.39,4.41,4.4,0.01,0.2273,435619.68,192445.013,4.41,4.41
2021-09-29,4.38,4.39,4.32,4.35,4.41,-0.06,-1.3605,523326.13,227853.151,4.38,4.35
2021-09-30,4.37,4.39,4.33,4.36,4.35,0.01,0.2299,354489.05,154597.491,4.37,4.36
2021-10-08,4.39,4.41,4.37,4.39,4.36,0.03,0.6881,391389.96,171808.632,4.39,4.39
2021-10-11,4.4,4.42,4.37,4.39,4.39,0.0,0.0,333975.7,146600.464,4.4,4.39
2021-10-12,4.38,4.38,4.3,4.34,4.39,-0.05,-1.139,413345.11,179193.945,4.38,4.34
2021-10-13,4.34,4.38,4.3,4.34,4.34,0.0,0.0,333372.99,144628.363,4.34,4.34
2021-10-14,4.32,4.32,4.23,4.24,4.34,-0.1,-2.3041,558703.94,238297.625,4.32,4.24
2021-10-15,4.22,4.23,4.1,4.11,4.24,-0.13,-3.066,700027.41,291752.124,4.22,4.11
2021-10-18,4.08,4.16,4.06,4.16,4.11,0.05,1.2165,416503.23,172123.07,4.08,4.16
2021-10-19,4.15,4.38,4.13,4.3,4.16,0.14,3.3654,1202532.66,519445.115,4.15,4.3
2021-10-20,4.23,4.32,4.21,4.27,4.3,-0.03,-0.6977,527011.61,225180.038,4.23,4.27
2021-10-21,4.26,4.3,4.21,4.22,4.27,-0.05,-1.171,384525.78,163325.392,4.26,4.22
2021-10-22,4.22,4.25,4.14,4.15,4.22,-0.07,-1.6588,367223.24,153451.632,4.22,4.15
2021-10-25,4.14,4.18,4.1,4.15,4.15,0.0,0.0,507815.39,210143.427,4.14,4.15
2021-10-26,4.14,4.15,4.08,4.08,4.15,-0.07,-1.6867,436127.84,179130.579,4.14,4.08
2021-10-27,4.05,4.05,3.93,3.94,4.08,-0.14,-3.4314,698931.89,277472.78,4.05,3.94
2021-10-28,3.94,3.96,3.88,3.9,3.94,-0.04,-1.0152,431359.31,169308.252,3.94,3.9
2021-10-29,3.9,3.99,3.86,3.94,3.9,0.04,1.0256,706832.44,277855.622,3.9,3.94
2021-11-01,4.03,4.06,3.91,3.93,3.94,-0.01,-0.2538,1067570.23,424048.749,4.03,3.93
2021-11-02,3.9,3.96,3.8,3.83,3.93,-0.1,-2.5445,1075581.2,416507.233,3.9,3.83
2021-11-03,3.82,3.85,3.77,3.85,3.83,0.02,0.5222,978303.42,373280.621,3.82,3.85
2021-11-04,3.84,3.97,3.83,3.91,3.85,0.06,1.5584,973842.77,379450.089,3.84,3.91
2021-11-05,3.88,3.94,3.87,3.9,3.91,-0.01,-0.2558,1042935.74,407808.627,3.88,3.9
2021-11-08,3.88,3.97,3.85,3.95,3.9,0.05,1.2821,950677.48,371916.822,3.88,3.95
2021-11-09,3.94,3.98,3.93,3.97,3.95,0.02,0.5063,726283.48,287369.236,3.94,3.97
2021-11-10,3.95,3.97,3.93,3.96,3.97,-0.01,-0.2519,607569.35,239683.379,3.95,3.96
2021-11-11,3.95,4.04,3.94,4.02,3.96,0.06,1.5152,1056760.87,422841.818,3.95,4.02
2021-11-12,4.01,4.02,3.97,3.99,4.02,-0.03,-0.7463,626929.7,250151.515,4.01,3.99
2021-11-15,4.01,4.04,3.96,3.97,3.99,-0.02,-0.5013,585833.15,233747.492,4.01,3.97
2021-11-16,3.99,4.0,3.92,3.93,3.97,-0.04,-1.0076,548097.92,217521.796,3.99,3.93
2021-11-17,3.94,3.94,3.9,3.92,3.93,-0.01,-0.2545,530108.09,207738.312,3.94,3.92
2021-11-18,3.92,3.92,3.86,3.86,3.92,-0.06,-1.5306,550592.51,213968.089,3.92,3.86
2021-11-19,3.87,3.96,3.85,3.94,3.86,0.08,2.0725,855836.62,334180.505,3.87,3.94
2021-11-22,3.94,3.98,3.91,3.94,3.94,0.0,0.0,779857.91,307982.683,3.94,3.94
2021-11-23,3.94,3.99,3.93,3.96,3.94,0.02,0.5076,838683.9,332554.531,3.94,3.96
2021-11-24,3.96,3.97,3.9,3.93,3.96,-0.03,-0.7576,674329.74,264848.767,3.96,3.93
2021-11-25,3.92,3.94,3.89,3.9,3.93,-0.03,-0.7634,635748.82,249279.844,3.92,3.9
2021-11-26,3.91,3.91,3.87,3.88,3.9,-0.02,-0.5128,550961.53,214350.927,3.91,3.88
2021-11-29,3.86,3.88,3.83,3.84,3.88,-0.04,-1.0309,545894.83,210246.2,3.86,3.84
2021-11-30,3.85,3.89,3.82,3.86,3.84,0.02,0.5208,561761.71,216753.199,3.85,3.86
2021-12-01,3.85,3.93,3.84,3.9,3.86,0.04,1.0363,708052.81,275749.483,3.85,3.9
2021-12-02,3.9,4.08,3.88,3.98,3.9,0.08,2.0513,1790397.41,716789.532,3.9,3.98
2021-12-03,3.99,3.99,3.92,3.97,3.98,-0.01,-0.2513,1010585.63,400221.137,3.99,3.97
2021-12-06,3.99,4.05,3.94,3.95,3.97,-0.02,-0.5038,1702893.46,681982.47,3.99,3.95
2021-12-07,3.98,3.99,3.93,3.95,3.95,0.0,0.0,959739.09,379912.768,3.98,3.95
2021-12-08,3.97,4.0,3.93,4.0,3.95,0.05,1.2658,1105146.71,438725.716,3.97,4.0
2021-12-09,3.99,4.13,3.98,4.08,4.0,0.08,2.0,2369863.53,967465.222,3.99,4.08
2021-12-10,4.03,4.07,3.99,4.01,4.08,-0.07,-1.7157,1369495.76,551015.311,4.03,4.01
2021-12-13,4.08,4.12,4.01,4.02,4.01,0.01,0.2494,1449024.01,588258.677,4.08,4.02
2021-12-14,4.0,4.03,3.97,3.99,4.02,-0.03,-0.7463,814586.86,325387.319,4.0,3.99
2021-12-15,3.99,4.04,3.97,4.0,3.99,0.01,0.2506,787204.75,315458.931,3.99,4.0
2021-12-16,4.0,4.05,3.98,4.05,4.0,0.05,1.25,994127.61,399311.073,4.0,4.05
2021-12-17,4.04,4.13,4.02,4.04,4.05,-0.01,-0.2469,1551302.37,630419.805,4.04,4.04
2021-12-20,4.03,4.12,4.01,4.03,4.04,-0.01,-0.2475,1323351.54,537544.187,4.03,4.03
2021-12-21,4.04,4.25,4.02,4.13,4.03,0.1,2.4814,3232319.99,1331426.902,4.04,4.13
2021-12-22,4.11,4.13,4.04,4.05,4.13,-0.08,-1.937,1874069.51,764166.488,4.11,4.05
2021-12-23,4.04,4.06,3.99,4.01,4.05,-0.04,-0.9877,1192291.44,478763.786,4.04,4.01
2021-12-24,4.01,4.03,3.96,3.96,4.01,-0.05,-1.2469,898570.39,358236.181,4.01,3.96
2021-12-27,3.97,4.0,3.96,3.98,3.96,0.02,0.5051,644994.43,256525.038,3.97,3.98
2021-12-28,3.98,4.03,3.97,4.03,3.98,0.05,1.2563,879163.38,351411.801,3.98,4.03
2021-12-29,4.02,4.04,4.0,4.02,4.03,-0.01,-0.2481,681641.14,273914.518,4.02,4.02
2021-12-30,4.01,4.07,4.01,4.05,4.02,0.03,0.7463,1079692.18,437313.166,4.01,4.05
2021-12-31,4.06,4.08,4.04,4.05,4.05,0.0,0.0,877979.8,355979.387,4.06,4.05
2022-01-04,4.04,4.09,4.04,4.07,4.05,0.02,0.4938,1188833.81,483182.086,4.04,4.07
2022-01-05,4.07,4.11,4.04,4.06,4.07,-0.01,-0.2457,1043750.72,425023.162,4.07,4.06
2022-01-06,4.05,4.07,4.02,4.03,4.06,-0.03,-0.7389,884951.6,357826.828,4.05,4.03
2022-01-07,4.04,4.08,4.03,4.03,4.03,0.0,0.0,865515.91,350332.987,4.04,4.03
2022-01-10,4.03,4.05,4.01,4.03,4.03,0.0,0.0,728635.01,293478.806,4.03,4.03
2022-01-11,4.03,4.09,4.01,4.05,4.03,0.02,0.4963,1121554.55,454051.681,4.03,4.05
2022-01-12,4.04,4.06,4.01,4.03,4.05,-0.02,-0.4938,890626.68,359089.599,4.04,4.03
2022-01-13,4.04,4.08,4.03,4.03,4.03,0.0,0.0,1133310.64,459673.196,4.04,4.03
2022-01-14,4.02,4.03,3.93,3.93,4.03,-0.1,-2.4814,1281859.94,510202.04,4.02,3.93
2022-01-17,3.93,3.96,3.92,3.93,3.93,0.0,0.0,712681.76,280499.842,3.93,3.93
2022-01-18,3.93,3.97,3.91,3.94,3.93,0.01,0.2545,856984.8,337730.866,3.93,3.94
2022-01-19,3.93,3.97,3.92,3.94,3.94,0.0,0.0,766679.09,302255.144,3.93,3.94
2022-01-20,3.94,4.0,3.92,3.97,3.94,0.03,0.7614,1414490.41,561250.907,3.94,3.97
2022-01-21,3.95,3.98,3.92,3.93,3.97,-0.04,-1.0076,823019.01,324398.86,3.95,3.93
2022-01-24,3.92,3.93,3.85,3.86,3.93,-0.07,-1.7812,921760.5,358237.226,3.92,3.86
2022-01-25,3.86,3.86,3.73,3.74,3.86,-0.12,-3.1088,1041443.76,395955.3,3.86,3.74
2022-01-26,3.73,3.79,3.72,3.78,3.74,0.04,1.0695,912597.63,342886.465,3.73,3.78
2022-01-27,3.76,3.78,3.7,3.71,3.78,-0.07,-1.8519,852245.99,318389.44,3.76,3.71
2022-01-28,3.74,3.77,3.71,3.73,3.71,0.02,0.5391,710993.38,265858.664,3.74,3.73
2022-02-07,3.76,3.78,3.74,3.76,3.73,0.03,0.8043,883697.24,332112.114,3.76,3.76
2022-02-08,3.75,3.86,3.75,3.85,3.76,0.09,2.3936,1106301.39,420955.956,3.75,3.85
2022-02-09,3.83,3.89,3.82,3.87,3.85,0.02,0.5195,743688.27,287033.295,3.83,3.87
2022-02-10,3.85,3.89,3.85,3.89,3.87,0.02,0.5168,626303.08,242816.475,3.85,3.89
2022-02-11,3.87,3.93,3.86,3.88,3.89,-0.01,-0.2571,787591.26,306304.801,3.87,3.88
2022-02-14,3.85,3.86,3.79,3.8,3.88,-0.08,-2.0619,731409.66,279778.86,3.85,3.8
2022-02-15,3.81,3.83,3.78,3.8,3.8,0.0,0.0,403396.26,153422.468,3.81,3.8
2022-02-16,3.82,3.84,3.8,3.81,3.8,0.01,0.2632,396861.56,151610.875,3.82,3.81
2022-02-17,3.81,3.83,3.78,3.79,3.81,-0.02,-0.5249,540760.3,205849.447,3.81,3.79
2022-02-18,3.77,3.82,3.76,3.81,3.79,0.02,0.5277,587016.16,222179.234,3.77,3.81
2022-02-21,3.8,3.83,3.79,3.82,3.81,0.01,0.2625,568456.37,216715.495,3.8,3.82
2022-02-22,3.8,3.82,3.74,3.76,3.82,-0.06,-1.5707,724709.89,273452.893,3.8,3.76
2022-02-23,3.76,3.79,3.75,3.78,3.76,0.02,0.5319,646783.27,243727.433,3.76,3.78
2022-02-24,3.77,3.78,3.61,3.65,3.78,-0.13,-3.4392,1142669.87,422129.048,3.77,3.65
2022-02-25,3.67,3.69,3.6,3.61,3.65,-0.04,-1.0959,1146631.63,417294.28,3.67,3.61
2022-02-28,3.61,3.61,3.5,3.52,3.61,-0.09,-2.4931,1319971.57,466960.809,3.61,3.52
2022-03-01,3.51,3.57,3.47,3.56,3.52,0.04,1.1364,1114706.52,391714.765,3.51,3.56
2022-03-02,3.53,3.58,3.52,3.57,3.56,0.01,0.2809,663098.9,235773.354,3.53,3.57
2022-03-03,3.57,3.61,3.57,3.59,3.57,0.02,0.5602,637462.92,228840.504,3.57,3.59
2022-03-04,3.57,3.58,3.53,3.53,3.59,-0.06,-1.6713,589020.22,209087.619,3.57,3.53
2022-03-07,3.53,3.55,3.5,3.5,3.53,-0.03,-0.8499,685400.77,241382.206,3.53,3.5
2022-03-08,3.51,3.53,3.45,3.46,3.5,-0.04,-1.1429,842665.45,294403.199,3.51,3.46
2022-03-09,3.47,3.49,3.29,3.41,3.46,-0.05,-1.4451,1125851.07,384194.527,3.47,3.41
2022-03-10,3.46,3.48,3.42,3.43,3.41,0.02,0.5865,685116.35,236444.738,3.46,3.43
2022-03-11,3.39,3.61,3.34,3.57,3.43,0.14,4.0816,1526905.76,532556.162,3.39,3.57
2022-03-14,3.51,3.58,3.49,3.49,3.57,-0.08,-2.2409,990692.85,350199.767,3.51,3.49
2022-03-15,3.47,3.63,3.46,3.47,3.49,-0.02,-0.5731,1997196.86,708118.052,3.47,3.47
2022-03-16,3.52,3.72,3.44,3.65,3.47,0.18,5.1873,2854003.6,1030452.096,3.52,3.65
2022-03-17,3.65,3.68,3.58,3.6,3.65,-0.05,-1.3699,2134788.92,771220.64,3.65,3.6
2022-03-18,3.58,3.64,3.56,3.64,3.6,0.04,1.1111,1391653.07,501938.565,3.58,3.64
2022-03-21,3.62,3.62,3.56,3.59,3.64,-0.05,-1.3736,901420.96,323832.575,3.62,3.59
2022-03-22,3.57,3.6,3.55,3.57,3.59,-0.02,-0.5571,765545.91,273862.451,3.57,3.57
2022-03-23,3.57,3.59,3.53,3.54,3.57,-0.03,-0.8403,720609.38,256605.791,3.57,3.54
2022-03-24,3.52,3.53,3.47,3.47,3.54,-0.07,-1.9774,846618.72,295936.958,3.52,3.47
2022-03-25,3.47,3.52,3.43,3.43,3.47,-0.04,-1.1527,724843.9,251437.274,3.47,3.43
2022-03-28,3.4,3.46,3.39,3.42,3.43,-0.01,-0.2915,962954.78,329027.858,3.4,3.42
2022-03-29,3.42,3.43,3.32,3.34,3.42,-0.08,-2.3392,1047646.42,353852.148,3.42,3.34
2022-03-30,3.35,3.45,3.34,3.45,3.34,0.11,3.2934,1540068.5,525054.63,3.35,3.45
2022-03-31,3.42,3.53,3.41,3.47,3.45,0.02,0.5797,1290956.79,448607.215,3.42,3.47
2022-04-01,3.44,3.53,3.43,3.53,3.47,0.06,1.7291,1095810.29,383812.104,3.44,3.53
2022-04-06,3.59,3.66,3.57,3.6,3.53,0.07,1.983,1807623.23,652630.856,3.59,3.6
2022-04-07,3.58,3.63,3.53,3.54,3.6,-0.06,-1.6667,1339470.92,480993.995,3.58,3.54
2022-04-08,3.54,3.59,3.5,3.57,3.54,0.03,0.8475,1104244.87,391707.628,3.54,3.57
2022-04-11,3.54,3.55,3.43,3.44,3.57,-0.13,-3.6415,935614.31,326194.027,3.54,3.44
2022-04-12,3.43,3.59,3.42,3.56,3.44,0.12,3.4884,1224639.12,430941.197,3.43,3.56
2022-04-13,3.54,3.57,3.51,3.51,3.56,-0.05,-1.4045,987245.42,349217.504,3.54,3.51
2022-04-14,3.54,3.57,3.51,3.54,3.51,0.03,0.8547,830175.88,294686.018,3.54,3.54
2022-04-15,3.53,3.56,3.44,3.45,3.54,-0.09,-2.5424,956965.97,334415.594,3.53,3.45
2022-04-18,3.41,3.42,3.36,3.39,3.45,-0.06,-1.7391,927784.38,314062.963,3.41,3.39
2022-04-19,3.38,3.41,3.35,3.38,3.39,-0.01,-0.295,605419.45,204648.225,3.38,3.38
2022-04-20,3.38,3.4,3.33,3.34,3.38,-0.04,-1.1834,784660.55,264058.849,3.38,3.34
2022-04-21,3.31,3.37,3.29,3.3,3.34,-0.04,-1.1976,932230.15,310094.593,3.31,3.3
2022-04-22,3.29,3.32,3.23,3.24,3.3,-0.06,-1.8182,931860.3,305593.807,3.29,3.24
2022-04-25,3.2,3.23,3.03,3.04,3.24,-0.2,-6.1728,1468618.05,461980.728,3.2,3.04
2022-04-26,3.04,3.06,2.9,2.92,3.04,-0.12,-3.9474,1327345.57,396354.43,3.04,2.92
2022-04-27,2.89,2.98,2.85,2.97,2.92,0.05,1.7123,1201077.11,350562.995,2.89,2.97
2022-04-28,2.93,2.95,2.83,2.87,2.97,-0.1,-3.367,1146871.48,330766.936,2.93,2.87
2022-04-29,2.96,3.06,2.92,3.0,2.87,0.13,4.5296,1521196.78,453593.303,2.96,3.0
2022-05-05,2.93,2.98,2.91,2.94,3.0,-0.06,-2.0,942561.74,277590.858,2.93,2.94
2022-05-06,2.9,2.91,2.87,2.88,2.94,-0.06,-2.0408,781969.77,226193.235,2.9,2.88
2022-05-09,2.87,2.92,2.86,2.9,2.88,0.02,0.6944,426846.46,123748.511,2.87,2.9
2022-05-10,2.87,2.97,2.86,2.94,2.9,0.04,1.3793,854874.83,250306.099,2.87,2.94
2022-05-11,2.94,3.03,2.93,2.95,2.94,0.01,0.3401,1113959.58,332017.057,2.94,2.95
2022-05-12,2.93,2.98,2.93,2.96,2.95,0.01,0.339,634982.23,187594.013,2.93,2.96
2022-05-13,2.97,3.0,2.95,2.98,2.96,0.02,0.6757,650217.33,193339.373,2.97,2.98
2022-05-16,3.0,3.02,2.94,2.96,2.98,-0.02,-0.6711,532291.53,158022.086,3.0,2.96
2022-05-17,2.95,2.96,2.92,2.96,2.96,0.0,0.0,508096.6,149531.281,2.95,2.96
2022-05-18,2.96,2.99,2.94,2.96,2.96,0.0,0.0,705077.69,209164.705,2.96,2.96
2022-05-19,2.93,2.95,2.91,2.95,2.96,-0.01,-0.3378,562336.32,164833.225,2.93,2.95
2022-05-20,2.95,3.0,2.94,2.99,2.95,0.04,1.3559,837587.3,249463.821,2.95,2.99
2022-05-23,2.98,3.07,2.97,3.04,2.99,0.05,1.6722,1034958.29,312281.242,2.98,3.04
2022-05-24,3.03,3.08,2.93,2.93,3.04,-0.11,-3.6184,1014423.81,305029.648,3.03,2.93
2022-05-25,2.93,2.96,2.93,2.95,2.93,0.02,0.6826,537770.6,158387.172,2.93,2.95
2022-05-26,2.95,3.06,2.94,3.01,2.95,0.06,2.0339,1056358.09,316758.316,2.95,3.01
2022-05-27,3.02,3.04,2.97,3.0,3.01,-0.01,-0.3322,759230.26,228180.699,3.02,3.0
2022-05-30,2.99,3.01,2.98,3.0,3.0,0.0,0.0,541832.15,162378.249,2.99,3.0
2022-05-31,3.01,3.05,2.98,3.04,3.0,0.04,1.3333,929368.71,280354.312,3.01,3.04
2022-06-01,3.03,3.07,3.01,3.04,3.04,0.0,0.0,786854.89,238933.741,3.03,3.04
2022-06-02,3.03,3.08,3.01,3.07,3.04,0.03,0.9868,824666.65,251921.744,3.03,3.07
2022-06-06,3.05,3.19,3.04,3.15,3.07,0.08,2.6059,1379980.28,430278.815,3.05,3.15
2022-06-07,3.13,3.2,3.12,3.15,3.15,0.0,0.0,1057280.8,333591.724,3.13,3.15
2022-06-08,3.16,3.2,3.13,3.18,3.15,0.03,0.9524,1259164.9,398176.814,3.16,3.18
2022-06-09,3.18,3.24,3.13,3.17,3.17,0.0,0.0,1535244.3,487754.873,3.18,3.17
2022-06-10,3.13,3.28,3.1,3.27,3.17,0.1,3.1546,3828694.53,1234629.242,3.13,3.27
2022-06-13,3.23,3.26,3.18,3.2,3.27,-0.07,-2.1407,1446730.85,465158.855,3.23,3.2
2022-06-14,3.16,3.38,3.14,3.34,3.2,0.14,4.375,2386441.66,774327.546,3.16,3.34
2022-06-15,3.36,3.63,3.35,3.44,3.34,0.1,2.994,4318946.26,1504734.425,3.36,3.44
2022-06-16,3.42,3.43,3.31,3.31,3.44,-0.13,-3.7791,2458157.12,828428.218,3.42,3.31
2022-06-17,3.28,3.34,3.21,3.28,3.31,-0.03,-0.9063,1528743.83,500744.516,3.28,3.28
2022-06-20,3.28,3.31,3.23,3.24,3.28,-0.04,-1.2195,1068432.94,348781.583,3.28,3.24
2022-06-21,3.23,3.27,3.2,3.22,3.24,-0.02,-0.6173,824320.07,266955.511,3.23,3.22
2022-06-22,3.23,3.25,3.17,3.18,3.22,-0.04,-1.2422,889684.7,286037.08,3.23,3.18
2022-06-23,3.18,3.28,3.17,3.26,3.18,0.08,2.5157,1142061.09,369064.721,3.18,3.26
2022-06-24,3.27,3.28,3.23,3.24,3.26,-0.02,-0.6135,789982.73,256790.037,3.27,3.24
2022-06-27,3.24,3.26,3.21,3.21,3.24,-0.03,-0.9259,841701.06,272090.377,3.24,3.21
2022-06-28,3.2,3.26,3.19,3.25,3.21,0.04,1.2461,825920.42,265524.155,3.2,3.25
